material;k;T_fusion;T_hp;i_hp;j_hp;tipo_A;tipo_B;tipo_C;tipo_D;valor_A;valor_B;valor_C;valor_D
Cesium;36.1;28.5;-97.834;45;44;flu;flu;flu;flu;173.541;-5927.894;2196.091;4026.635
Titanium;22.4;1668.0;-74.003;47;42;temp;temp;temp;flu;1620.157;281.135;-38.019;-7986.685
Indium;83.7;157.0;101.435;28;9;flu;flu;temp;temp;589.555;2769.648;-167.433;118.186
Steel - Tungsten, 1% W;66.0;1450.0;-131.055;47;3;temp;flu;temp;flu;666.268;3072.014;460.386;-7770.205
Beryllium;218.0;1287.0;495.225;21;1;temp;flu;temp;temp;43.685;-414.066;460.212;40.826
Platinum;71.5;1768.0;1321.811;47;4;flu;flu;temp;temp;6332.951;2143.339;620.992;905.586
Steel - Chrome Nickel, 20% Cr, 15% Ni;15.1;1400.0;1160.97;25;31;flu;flu;temp;temp;-775.727;-6821.238;679.437;431.427
Palladium;75.5;1554.0;-193.757;30;37;flu;temp;flu;temp;1440.837;18.574;-6017.881;4.638
Copper - Red Brass;61.0;920.0;74.872;22;37;flu;temp;temp;flu;4922.217;689.436;306.061;-7700.005
Zirconium;23.2;1855.0;1324.129;32;11;temp;flu;temp;temp;427.388;-8729.383;384.61;1137.377
Cadmium;97.5;321.0;-87.584;36;30;temp;temp;flu;temp;-151.682;-111.22;6107.296;48.154
Copper - German Silver (Maillechort);24.9;900.0;-10.462;7;4;temp;temp;temp;flu;173.893;436.237;352.875;6735.206
Steel - Chrome, 5% Cr;40.0;1480.0;732.369;31;14;temp;flu;flu;temp;891.383;9833.773;-828.422;1230.333
Mercury;28.9;-39.0;-147.237;13;27;flu;temp;flu;flu;3552.29;-129.993;7160.426;5217.41
Rhenium;48.6;3180.0;2198.799;10;16;temp;temp;flu;temp;360.85;3125.291;4464.705;2080.4
Manganese;7.68;1246.0;1089.951;30;42;flu;temp;temp;temp;7017.402;828.0;1229.337;1139.895
Rubidium;58.3;39.3;-135.278;39;6;flu;flu;flu;temp;7587.218;-8089.693;-9240.296;-67.373
Beryllium copper 25;80.0;870.0;672.308;10;12;flu;temp;temp;flu;-3839.169;-84.087;809.974;-3701.386
Cadmium;97.5;321.0;255.251;21;15;flu;flu;flu;flu;1897.366;-1617.515;-4072.549;9979.527
Lead;35.5;327.0;304.2;25;48;temp;temp;flu;temp;-141.904;104.956;1720.626;146.303
Copper - Cartridge Brass;120.0;920.0;418.074;39;46;flu;temp;temp;temp;3941.883;289.721;-26.744;833.947
Magnesium;157.0;650.0;129.299;3;31;temp;flu;temp;temp;159.45;2247.335;-12.043;164.358
Steel - Chrome, 1% Cr;61.0;1480.0;1364.076;2;32;temp;flu;temp;flu;1036.743;7508.065;817.513;2461.154
Bismuth;8.2;271.0;-165.38;25;24;flu;flu;flu;flu;-6627.251;262.496;-9192.143;-9529.699
Plutonium;8.0;639.0;-49.341;42;24;temp;temp;flu;temp;-165.361;591.909;5557.904;-185.977
Osmium;61.0;3033.0;694.695;2;37;temp;flu;temp;temp;2279.876;-6415.03;-62.79;1161.083
Magnesium;157.0;650.0;331.111;38;49;flu;temp;temp;flu;-9859.056;404.038;293.823;7766.992
Cesium;36.1;28.5;-50.096;1;3;flu;flu;flu;temp;-7557.501;5589.318;9959.573;-21.587
Beryllium;218.0;1287.0;390.762;11;16;temp;flu;temp;temp;1015.159;6949.022;-136.267;103.7
Zirconium;23.2;1855.0;426.355;0;30;temp;flu;temp;flu;284.076;-3982.103;1536.032;1527.794
Magnesium;157.0;650.0;31.845;46;22;temp;flu;flu;temp;414.755;-2689.392;-8437.489;527.466
Steel - Nickel Chrome, 80% Ni, 15% Cr;17.0;1400.0;647.636;30;37;flu;flu;flu;temp;-1106.861;-279.33;-4590.862;548.263
Steel - Carbon, 1.5% C;36.0;1480.0;897.745;44;45;flu;temp;flu;flu;6328.188;1260.983;-8899.991;-7359.584
Hafnium;23.3;2233.0;653.526;34;8;flu;temp;flu;temp;-6717.366;1806.553;-5396.739;1193.423
Palladium;75.5;1554.0;1484.525;12;29;flu;temp;temp;flu;9416.051;1298.719;1209.24;-8384.779
Steel - Stainless, Type 347;14.3;1400.0;1190.364;34;32;flu;temp;flu;flu;-2519.51;1344.741;4349.187;-4484.291
Steel - Chrome, 10% Cr;31.0;1480.0;714.714;43;16;temp;temp;flu;temp;327.227;1331.757;101.125;703.811
Steel - Nickel, 20% Ni;19.0;1450.0;47.251;35;9;temp;flu;temp;temp;-125.412;-7683.177;324.281;159.647
Copper - Bronze (75% Cu, 25% Sn);26.0;950.0;-124.291;40;9;flu;temp;flu;temp;-2741.546;766.608;-6738.837;850.031
Iridium;148.0;2446.0;436.325;20;38;temp;temp;temp;temp;-134.126;1659.349;1523.113;640.127
Steel - Chrome, 1% Cr;61.0;1480.0;-184.497;41;36;temp;temp;temp;flu;248.402;164.832;196.279;4556.294
Niobium;53.3;2477.0;461.049;13;11;temp;flu;temp;flu;2387.542;-8385.327;847.61;5785.2
Iridium;148.0;2446.0;428.065;16;29;temp;temp;temp;flu;-133.851;-125.321;-9.981;7247.091
Steel - Tungsten, 1% W;66.0;1450.0;593.814;11;0;flu;flu;flu;temp;2852.61;9756.96;6924.963;1335.413
Steel - Stainless, Type 347;14.3;1400.0;905.92;41;14;flu;temp;flu;flu;-5615.974;532.951;6834.073;-9274.42
Steel - Manganese, 1% Mn;50.0;1460.0;1126.874;32;35;flu;flu;temp;temp;5481.933;337.142;557.677;189.91
Beryllium copper 25;80.0;870.0;298.542;6;49;temp;temp;temp;temp;560.963;811.662;93.182;74.204
Aluminum;236.0;660.0;-70.539;8;15;flu;flu;temp;flu;4882.079;7448.185;-21.984;5815.857
Selenium;0.52;221.0;75.712;31;26;flu;temp;flu;flu;-9838.551;-117.907;-6963.139;1974.64
Lead;35.5;327.0;242.961;39;46;flu;temp;temp;flu;-5169.438;273.384;-143.915;4875.597
Steel - Nickel, 60% Ni;19.0;1450.0;1274.957;8;30;temp;temp;temp;flu;1302.133;1408.695;87.496;-4102.988
Cobalt;104.0;1495.0;1093.718;17;25;flu;temp;flu;temp;8502.506;147.977;-9686.234;394.477
Copper - Constantan (60% Cu, 40% Ni);22.7;1200.0;307.166;3;19;temp;flu;flu;temp;191.681;4670.953;7190.592;403.001
Molybdenum;139.0;2623.0;1796.531;10;12;flu;temp;flu;temp;6021.726;1615.576;8846.662;1298.904
Niobium;53.3;2477.0;820.822;42;8;flu;flu;temp;flu;5330.255;5006.559;1063.675;-4926.003
Aluminum - Duralumin;164.0;650.0;89.017;12;46;temp;flu;flu;flu;231.819;6346.356;-5255.0;-4281.366
Vanadium;31.3;1910.0;1154.052;35;45;temp;flu;temp;flu;542.486;-4892.53;1179.197;-1170.524
Copper - Bronze (75% Cu, 25% Sn);26.0;950.0;576.737;19;14;flu;flu;temp;flu;6887.422;6698.649;229.414;2591.692
Steel - Nickel, 10% Ni;26.0;1450.0;955.132;15;2;temp;temp;temp;flu;257.928;502.803;1264.101;3714.159
Aluminum alloy 360;150.0;575.0;-152.547;30;29;temp;flu;flu;flu;461.641;8976.705;-1717.66;-2052.923
Copper - Constantan (60% Cu, 40% Ni);22.7;1200.0;107.452;40;38;temp;flu;flu;flu;1175.935;6012.388;-8716.374;2301.541
Rhodium;151.0;1964.0;1943.059;7;6;temp;flu;flu;flu;-176.93;-3285.315;-7311.56;-8065.821
Aluminum bronze;70.0;1027.0;199.915;37;11;flu;temp;temp;flu;-2108.507;644.799;981.084;-5703.649
Copper - Constantan (60% Cu, 40% Ni);22.7;1200.0;146.344;28;16;temp;flu;temp;temp;378.455;3217.174;409.245;254.0
Molybdenum;139.0;2623.0;462.931;10;37;temp;temp;flu;flu;1433.097;1246.0;4283.805;8216.865
Steel - Carbon, 1.5% C;36.0;1480.0;1267.549;16;40;temp;temp;flu;flu;1176.69;760.193;803.999;8746.362
Uranium;27.0;1132.0;534.577;39;17;flu;flu;flu;temp;-4064.979;-4264.526;-1534.898;1047.688
Steel - Hastelloy C;8.7;1390.0;616.665;28;45;flu;flu;temp;temp;-9999.677;-4472.905;1033.627;412.799
Osmium;61.0;3033.0;1944.972;44;44;flu;flu;flu;flu;-5750.186;-6646.157;-1715.026;6418.166
Steel - Carbon, 0.5% C;54.0;1460.0;827.278;29;43;flu;temp;flu;temp;6167.654;450.907;-9891.481;322.67
Aluminum - Silumin;164.0;577.0;359.679;9;5;flu;flu;temp;temp;-4094.246;1258.933;262.516;525.908
Copper - Brass (Yellow Brass);111.0;920.0;540.454;15;35;temp;temp;flu;temp;754.331;117.67;-3426.426;160.655
Steel - Hastelloy B;10.0;1390.0;-100.621;40;32;flu;temp;flu;temp;6702.879;3.361;-6140.258;670.352
Lead;35.5;327.0;48.988;26;47;temp;temp;flu;temp;278.486;161.076;3076.689;277.11
Cadmium;97.5;321.0;235.781;10;46;flu;flu;temp;flu;7480.662;-1448.911;74.026;8258.604
Iridium;148.0;2446.0;517.105;47;28;flu;flu;flu;flu;8845.905;5649.325;-8602.78;-4439.471
Gold;318.0;1064.0;699.133;44;31;temp;temp;temp;flu;588.667;266.595;-190.14;4304.628
Silicon;168.0;1414.0;209.767;12;42;flu;flu;temp;flu;-2579.699;-4434.208;164.082;-7009.836
Aluminum alloy 2014, annealed;190.0;507.0;459.116;34;39;flu;flu;flu;flu;4342.332;7498.121;-5669.175;-9132.008
Copper - German Silver (Maillechort);24.9;900.0;-164.321;33;26;flu;temp;temp;flu;-9092.707;223.661;313.865;-4899.53
Steel - Nickel, 40% Ni;10.0;1450.0;1345.421;45;33;temp;temp;flu;flu;771.551;393.376;4584.317;8646.994
Cesium;36.1;28.5;-90.961;48;6;flu;temp;temp;flu;5471.408;-103.985;-163.477;7116.455
Selenium;0.52;221.0;137.72;27;21;temp;temp;flu;flu;75.248;-138.163;-4545.186;-1198.556
Copper;401.0;1085.0;1029.945;11;27;flu;temp;temp;temp;2986.101;231.598;595.334;1074.942
Rhenium;48.6;3180.0;2754.716;9;33;flu;temp;temp;flu;-9143.328;1195.502;1409.338;2918.022
Vanadium;31.3;1910.0;839.366;27;45;temp;flu;flu;flu;283.359;-2389.404;-8696.701;4677.183
Steel - Tungsten, 1% W;66.0;1450.0;880.046;35;6;flu;flu;flu;temp;4761.753;-2469.334;4135.138;970.223
Titanium;22.4;1668.0;483.368;40;13;flu;temp;flu;temp;-456.42;917.477;-1249.379;655.574
Steel - Nickel, 20% Ni;19.0;1450.0;1036.192;8;15;temp;flu;temp;temp;1415.133;4554.465;59.188;1120.613
Platinum;71.5;1768.0;848.744;32;39;flu;flu;flu;temp;-6498.847;-7426.644;929.6;1214.993
Beryllium;218.0;1287.0;663.695;9;41;temp;flu;flu;temp;477.078;-5703.585;8091.051;541.432
Copper;401.0;1085.0;1073.813;36;43;temp;flu;temp;flu;922.197;-1806.654;768.077;1510.8
Osmium;61.0;3033.0;1717.733;37;20;temp;temp;flu;flu;38.283;561.633;3585.837;673.818
Copper;401.0;1085.0;-149.017;41;29;temp;flu;flu;temp;606.258;4280.13;-7374.801;466.129
Gold;318.0;1064.0;-34.363;24;4;flu;flu;flu;temp;7268.756;-1543.961;-332.915;528.402
Copper - Red Brass;61.0;920.0;81.98;26;48;flu;flu;temp;flu;-8022.209;993.793;155.975;-7143.128
Copper - Bronze (75% Cu, 25% Sn);26.0;950.0;921.544;43;44;flu;flu;flu;temp;8500.59;130.975;-541.903;630.884
Aluminum bronze;70.0;1027.0;145.937;17;14;flu;flu;temp;flu;8850.499;-1608.102;626.746;-5761.346
Steel - Chrome, 10% Cr;31.0;1480.0;953.351;0;37;flu;flu;flu;flu;812.254;-2860.345;9930.966;-7013.872
Rhenium;48.6;3180.0;2778.176;36;16;temp;temp;flu;flu;1202.74;1583.494;-3334.648;-4580.704
Gold;318.0;1064.0;900.498;28;26;flu;flu;flu;flu;-9957.493;-2814.197;-6342.255;5786.678
Beryllium copper 25;80.0;870.0;-126.664;21;29;temp;temp;temp;flu;765.129;273.638;706.665;4767.107
Steel - Tungsten, 1% W;66.0;1450.0;-66.47;30;19;flu;flu;flu;temp;-6379.364;-1255.069;-7419.979;79.314
Copper - Phosphor bronze;50.0;900.0;-35.248;5;6;temp;temp;flu;flu;598.815;803.083;-516.658;-4001.016
Steel - Nickel, 10% Ni;26.0;1450.0;1203.567;34;2;temp;temp;flu;flu;1200.934;1228.538;-6737.358;7982.364
Zinc;122.0;419.0;207.403;8;13;temp;temp;flu;flu;190.172;-189.788;-3046.813;-2494.808
Hastelloy C;12.0;1390.0;753.351;23;10;flu;flu;temp;temp;2257.109;3560.409;997.235;708.247
Potassium;104.0;63.5;14.072;42;27;temp;flu;flu;flu;-111.71;-6453.461;-4306.302;588.184
Gold;318.0;1064.0;577.754;26;3;temp;flu;temp;flu;-69.525;-6871.503;910.466;-5929.449
Indium;83.7;157.0;-139.426;38;10;temp;temp;temp;flu;28.071;82.671;23.82;-8199.947
Lead;35.5;327.0;-53.682;27;21;flu;flu;flu;temp;1128.104;4417.973;-6550.209;255.863
Aluminum - Silumin;164.0;577.0;-188.136;15;47;flu;temp;flu;flu;-3459.942;202.007;1521.131;-6615.946
Titanium;22.4;1668.0;1421.287;38;8;temp;flu;flu;temp;172.652;-291.558;9596.309;1102.34
Copper - Bronze (75% Cu, 25% Sn);26.0;950.0;-77.393;29;28;temp;temp;temp;temp;-85.61;619.598;621.699;825.588
Copper - Cartridge Brass;120.0;920.0;207.685;5;28;flu;flu;temp;flu;5500.242;3326.543;756.962;9949.87
Boron;31.7;2076.0;303.227;25;24;temp;flu;temp;flu;738.37;-361.556;277.907;5205.563
Copper - Bronze (75% Cu, 25% Sn);26.0;950.0;472.348;33;31;temp;temp;temp;flu;362.795;281.227;30.224;-6408.148
Iron;83.5;1538.0;527.864;26;11;temp;flu;temp;flu;1184.887;7280.897;228.729;-1559.466
Monel;26.0;1300.0;157.193;11;8;temp;temp;flu;flu;719.263;-62.002;-2034.601;-9465.486
Platinum;71.5;1768.0;-59.011;20;22;flu;flu;temp;temp;3889.303;3904.473;-111.981;399.433
Cupronickel;29.0;1200.0;963.267;12;46;flu;flu;temp;temp;7729.469;7973.601;1167.021;13.212
Magnesium alloy AZ31B;100.0;620.0;429.15;13;32;flu;temp;temp;flu;-4561.736;223.266;287.118;-7638.468
Silicon;168.0;1414.0;1394.408;14;23;temp;flu;flu;flu;-153.741;5815.173;997.124;-2228.306
Iridium;148.0;2446.0;-33.198;30;45;flu;temp;flu;flu;-5099.313;1185.225;-9747.196;744.196
Boron;31.7;2076.0;1412.279;3;47;flu;temp;flu;temp;-8768.06;584.612;-5902.067;54.221
Copper - Admiralty Brass;111.0;900.0;612.216;43;24;flu;flu;flu;flu;-3471.77;-6984.668;5908.991;-6071.894
Incoloy;12.0;1390.0;1053.24;40;34;flu;temp;temp;temp;9206.024;522.729;383.459;496.79
Cesium;36.1;28.5;-174.541;43;30;flu;temp;temp;temp;7306.733;-155.38;-28.171;-21.568
Steel - Carbon, 0.5% C;54.0;1460.0;-5.881;38;22;flu;temp;temp;flu;-6560.243;1273.913;109.582;-3221.716
Steel - Chrome Nickel, 15% Cr, 10% Ni;19.0;1400.0;907.189;38;13;flu;temp;temp;temp;-938.542;631.084;98.784;935.917
Cadmium;97.5;321.0;203.217;45;12;temp;flu;temp;flu;134.285;714.609;173.059;6923.814
Steel - Carbon, 1% C;43.0;1470.0;1276.811;1;3;temp;temp;flu;temp;524.263;207.136;-8980.688;583.228
Mercury;28.9;-39.0;-57.105;33;22;temp;temp;flu;flu;-71.493;-89.789;7479.115;-9825.381
Steel - Stainless, Type 347;14.3;1400.0;633.671;19;13;temp;flu;flu;temp;1110.018;9686.371;-209.743;822.514
Beryllium copper 25;80.0;870.0;418.855;47;24;flu;flu;temp;flu;8843.605;7021.676;157.108;2565.421
Manganese;7.68;1246.0;885.623;12;5;temp;temp;temp;temp;1055.82;1083.972;352.73;383.766
Beryllium copper 25;80.0;870.0;161.41;37;49;temp;flu;flu;flu;180.4;4089.094;4627.702;8282.409
Osmium;61.0;3033.0;2823.547;30;20;flu;flu;flu;flu;-3184.802;603.07;-9344.413;3645.783
Hafnium;23.3;2233.0;1434.102;44;1;flu;flu;flu;temp;1529.508;-6046.061;8465.315;1627.592
Tin;68.2;232.0;139.452;8;4;flu;flu;temp;temp;9073.494;-4936.849;90.289;-108.133
Inconel;15.0;1390.0;-50.598;47;13;flu;flu;temp;flu;-9823.795;3698.759;1246.0;2971.46
Potassium;104.0;63.5;-146.008;46;21;flu;temp;flu;temp;1146.731;40.568;9158.477;-67.031
Steel - Nickel, 60% Ni;19.0;1450.0;-140.713;33;24;temp;flu;temp;flu;-176.816;5840.659;937.854;1894.882
Hafnium;23.3;2233.0;1386.766;45;44;temp;flu;temp;flu;684.912;1858.185;-128.739;1749.687
Copper - Phosphor bronze;50.0;900.0;-104.425;11;7;temp;flu;temp;temp;520.778;-6585.824;132.758;-59.596
Germanium;66.7;938.0;710.752;41;38;flu;flu;temp;flu;2856.143;5086.881;641.345;-9961.336
Antimony;25.5;631.0;-158.217;23;40;temp;temp;temp;flu;519.839;254.641;534.804;6466.337
Nickel;94.0;1455.0;949.404;21;5;temp;flu;temp;flu;343.528;3074.346;936.375;202.529
Bismuth;8.2;271.0;199.306;26;17;flu;flu;flu;temp;6759.727;5282.065;4397.716;152.357
Thorium;42.0;1750.0;1590.459;4;3;temp;temp;flu;flu;1553.178;971.301;5044.661;4369.665
Copper - Aluminum Bronze (95% Cu, 5% Al);83.0;1027.0;8.589;5;22;flu;temp;temp;flu;571.829;871.953;819.234;8249.199
Steel - Manganese, 1% Mn;50.0;1460.0;-109.858;13;2;temp;temp;temp;flu;679.459;1176.311;94.352;1886.908
Antimony;25.5;631.0;95.435;23;20;temp;flu;temp;temp;211.905;-7642.007;-8.075;594.66
Solder 50-50;50.0;183.0;-21.048;23;39;temp;temp;flu;temp;-83.278;-14.094;4186.777;-177.685
Cadmium;97.5;321.0;63.945;7;27;flu;temp;temp;temp;7384.067;-87.399;128.079;50.279
Cobalt;104.0;1495.0;1354.68;18;18;temp;flu;temp;temp;387.802;-5862.18;300.056;437.286
Steel - Chrome, 5% Cr;40.0;1480.0;1310.36;23;13;flu;flu;flu;flu;4907.485;2347.602;-5772.183;-5349.878
Aluminum;236.0;660.0;474.38;24;14;temp;temp;temp;flu;-43.194;-182.883;551.278;-3543.815
Steel - Hastelloy B;10.0;1390.0;554.533;1;18;flu;flu;temp;temp;-8969.229;-2055.307;733.151;249.991
Rubidium;58.3;39.3;-61.696;1;13;temp;flu;flu;temp;-91.061;8936.009;-7919.031;3.034
Aluminum alloy 2014, annealed;190.0;507.0;-152.412;15;29;temp;temp;temp;flu;391.63;378.067;-78.997;-9333.855
Copper - Admiralty Brass;111.0;900.0;-164.52;44;25;temp;flu;temp;temp;337.33;1348.322;490.784;-81.035
Copper - Cartridge Brass;120.0;920.0;578.899;11;6;temp;flu;flu;temp;666.36;-6875.894;1896.118;398.118
Aluminum alloy 3003, rolled;190.0;643.0;-65.113;43;19;flu;temp;temp;flu;5131.01;558.48;-114.429;7246.571
Magnesium;157.0;650.0;514.692;28;23;temp;flu;flu;flu;625.301;-146.484;9324.027;-1263.288
Steel - Stainless, Type 304;14.4;1400.0;312.083;14;30;temp;temp;temp;flu;1090.08;1228.61;1112.27;-4813.869
Copper - Aluminum Bronze (95% Cu, 5% Al);83.0;1027.0;-124.733;15;13;flu;temp;temp;temp;8617.958;156.411;170.574;620.421
Steel - Stainless, Type 347;14.3;1400.0;531.794;15;8;flu;flu;flu;temp;-4701.729;-6153.546;1703.956;672.218
Steel - Manganese, 1% Mn;50.0;1460.0;400.332;41;7;temp;temp;flu;flu;1002.327;874.188;-7460.096;1818.568
Iridium;148.0;2446.0;326.09;10;19;flu;flu;flu;flu;9833.3;-5691.412;-9018.316;-9448.707
Steel - Manganese, 1% Mn;50.0;1460.0;1014.267;28;19;temp;flu;flu;temp;533.191;-879.828;-5754.088;958.914
Sodium;135.0;97.8;-9.657;24;16;temp;flu;temp;temp;-186.495;-2540.369;-46.654;-90.438
Steel - Carbon, 0.5% C;54.0;1460.0;599.122;41;22;temp;flu;temp;temp;1259.571;-3232.657;1369.459;274.262
Steel - Chrome Nickel, 20% Cr, 15% Ni;15.1;1400.0;1342.436;33;31;temp;flu;temp;temp;812.106;-9088.06;138.981;741.464
Magnesium;157.0;650.0;235.76;24;28;temp;temp;temp;temp;286.551;77.578;-189.685;401.123
Palladium;75.5;1554.0;171.692;0;45;temp;flu;flu;flu;318.651;-3873.809;3817.58;5112.429
Steel - Manganese, 1% Mn;50.0;1460.0;546.987;9;28;flu;temp;flu;temp;-9722.507;574.623;9694.085;1333.779
Copper - Cartridge Brass;120.0;920.0;131.636;27;25;flu;flu;flu;flu;-1144.062;-9255.214;6098.002;1271.405
Steel - Manganese, 1% Mn;50.0;1460.0;784.649;40;2;temp;flu;flu;temp;-15.272;-1813.811;-9851.191;1220.889
Steel - Nickel, 20% Ni;19.0;1450.0;-192.068;38;14;flu;temp;temp;flu;9238.47;635.938;1281.653;4883.519
Steel - Chrome Nickel, 15% Cr, 10% Ni;19.0;1400.0;546.33;10;33;temp;flu;temp;temp;992.829;4660.071;245.48;418.653
Potassium;104.0;63.5;-0.51;30;29;temp;flu;temp;flu;-70.492;9647.739;-78.167;8455.345
Steel - Nickel Chrome, 80% Ni, 15% Cr;17.0;1400.0;-95.579;34;46;temp;temp;flu;temp;474.375;578.147;-6416.861;-97.193
Steel - Nickel, 10% Ni;26.0;1450.0;608.914;4;24;temp;temp;temp;temp;1414.269;1005.412;287.233;1008.319
Steel - Nickel, 40% Ni;10.0;1450.0;249.6;44;46;flu;flu;flu;flu;-4269.511;3747.821;2171.26;-7800.866
Steel - Manganese, 1% Mn;50.0;1460.0;692.553;21;47;flu;flu;flu;temp;5856.118;8431.551;-4019.01;1397.447
Steel - Carbon, 1% C;43.0;1470.0;630.062;37;24;temp;temp;temp;temp;1022.44;1156.492;980.715;1360.649
Molybdenum;139.0;2623.0;1867.294;9;12;flu;flu;flu;flu;9913.387;-302.835;2107.932;8240.767
Cadmium;97.5;321.0;-99.73;22;13;temp;flu;temp;flu;-32.361;9988.614;-187.147;777.148
Sodium;135.0;97.8;-186.647;48;24;flu;temp;temp;flu;-8860.985;-115.005;84.964;-9177.304
Rubidium;58.3;39.3;-85.183;25;48;flu;flu;flu;temp;2503.037;6727.989;-7872.322;-48.285
Niobium;53.3;2477.0;96.931;48;39;temp;temp;temp;flu;899.874;1805.637;69.297;3985.735
Tungsten;182.0;3422.0;1949.752;29;25;flu;temp;flu;flu;-6196.154;2303.526;6728.563;-1373.944
Zirconium;23.2;1855.0;-98.467;22;10;flu;flu;temp;flu;-3742.424;2201.003;101.905;-6507.3
Cupronickel;29.0;1200.0;590.468;31;46;temp;temp;temp;flu;121.679;27.41;708.039;-7563.666
Inconel;15.0;1390.0;1290.011;46;26;temp;flu;temp;temp;-66.359;7651.774;744.816;558.36
Germanium;66.7;938.0;76.902;43;35;flu;temp;temp;flu;-3845.821;224.693;-101.905;4611.113
Copper - German Silver (Maillechort);24.9;900.0;628.81;39;17;flu;flu;flu;flu;3547.409;-6436.725;-5020.843;8950.336
Mercury;28.9;-39.0;-103.697;47;3;flu;flu;temp;temp;-58.103;2353.707;-65.317;-170.247
Boron;31.7;2076.0;612.535;44;2;temp;flu;temp;flu;-172.299;-3850.166;900.33;1051.142
Beryllium;218.0;1287.0;238.75;49;16;temp;flu;flu;temp;803.716;7439.902;316.55;-173.309
Incoloy;12.0;1390.0;394.263;4;30;flu;flu;temp;temp;-7216.215;-8485.2;233.164;1332.641
Steel - Nickel, 10% Ni;26.0;1450.0;591.416;33;8;temp;flu;temp;flu;1418.288;-7765.914;895.248;3705.21
Steel - Hastelloy B;10.0;1390.0;-184.846;33;18;temp;flu;flu;temp;-108.285;-5812.334;-1036.585;1347.626
Steel - Hastelloy B;10.0;1390.0;702.56;13;16;temp;flu;flu;flu;271.716;632.543;-1396.783;-2268.64
Tungsten;182.0;3422.0;2689.865;40;16;temp;flu;temp;temp;1430.866;-3379.477;2231.775;2740.284
Monel;26.0;1300.0;667.71;15;24;flu;flu;temp;flu;7404.753;2326.588;980.265;-9638.562
Steel - Carbon, 0.5% C;54.0;1460.0;1351.876;7;10;flu;temp;flu;flu;-4555.5;74.465;-4960.366;8971.819
Aluminum alloy 2014, annealed;190.0;507.0;75.517;46;47;flu;temp;flu;temp;-3136.114;163.049;2991.632;305.008
Nickel;94.0;1455.0;1038.984;9;18;temp;flu;flu;flu;946.809;572.536;9631.516;9533.376
Steel - Chrome, 1% Cr;61.0;1480.0;926.931;19;1;temp;flu;flu;flu;838.825;-4564.277;8729.725;-8871.172
Iridium;148.0;2446.0;451.412;36;33;flu;flu;temp;temp;3764.75;2802.94;1666.792;1568.817
Titanium;22.4;1668.0;1465.529;43;21;temp;flu;flu;flu;33.665;2192.17;4527.077;1665.927
Iron;83.5;1538.0;1067.691;42;14;flu;temp;flu;flu;-4833.826;1298.73;6672.814;-8331.028
Platinum;71.5;1768.0;488.623;42;13;temp;temp;flu;flu;1606.765;1132.039;-2025.37;-4492.39
Tin;68.2;232.0;-61.649;7;21;temp;temp;temp;temp;114.284;154.904;187.001;195.934
Boron;31.7;2076.0;1866.321;40;49;temp;temp;temp;temp;501.119;-156.797;811.498;2023.222
Tungsten;182.0;3422.0;2155.815;12;31;flu;flu;flu;flu;-6297.328;4248.698;-5342.16;-3345.92
Copper - Bronze (75% Cu, 25% Sn);26.0;950.0;939.581;7;45;temp;flu;temp;flu;-54.379;2362.595;503.1;-6869.288
Uranium;27.0;1132.0;433.004;25;5;flu;temp;flu;flu;5077.126;-181.378;8612.263;129.932
Aluminum - Duralumin;164.0;650.0;197.566;26;10;flu;flu;temp;temp;-5169.106;677.503;264.079;192.217
Magnesium;157.0;650.0;486.111;7;36;temp;temp;flu;temp;190.849;498.27;-117.927;106.501
Palladium;75.5;1554.0;1160.596;7;31;flu;flu;temp;temp;-6741.773;1192.062;694.136;835.593
Sodium;135.0;97.8;-139.423;33;12;flu;temp;temp;temp;-963.834;2.497;49.787;-182.2
Molybdenum;139.0;2623.0;2081.097;1;37;flu;flu;flu;flu;6471.064;-4716.113;7664.578;-5438.001
Aluminum alloy 360;150.0;575.0;378.784;37;44;flu;temp;temp;temp;8481.741;84.983;267.758;-64.845
Platinum;71.5;1768.0;-87.713;22;45;temp;temp;temp;temp;-98.706;498.736;1449.973;12.056
Uranium;27.0;1132.0;447.092;40;15;temp;temp;flu;temp;181.976;-63.157;7218.561;464.271
Incoloy;12.0;1390.0;89.364;4;23;temp;flu;temp;temp;444.122;-613.615;206.508;857.37
Mercury;28.9;-39.0;-80.553;21;20;temp;temp;temp;temp;-86.296;-69.844;-63.808;-154.681
Tungsten;182.0;3422.0;2761.483;6;44;temp;temp;temp;flu;47.728;2374.333;2635.252;-6399.476
Magnesium;157.0;650.0;230.79;7;44;temp;temp;temp;flu;430.865;569.504;78.695;-3807.329
Antimony;25.5;631.0;522.499;6;43;temp;flu;flu;temp;183.361;-8757.543;7573.709;-39.354
Steel - Carbon, 1.5% C;36.0;1480.0;1356.262;37;41;flu;flu;flu;temp;-7231.367;6159.625;-5335.305;1219.306
Cupronickel;29.0;1200.0;269.877;0;12;temp;flu;temp;temp;267.745;663.546;-112.334;817.942
Potassium;104.0;63.5;-10.566;36;44;temp;flu;temp;flu;-37.845;8122.229;-9.297;9192.092
Uranium;27.0;1132.0;243.929;29;23;flu;temp;temp;temp;2784.716;427.919;637.625;945.596
Magnesium alloy AZ31B;100.0;620.0;108.389;22;21;temp;temp;temp;temp;139.564;390.725;81.003;416.867
Copper - Brass (Yellow Brass);111.0;920.0;613.149;35;24;flu;temp;flu;temp;5904.792;704.847;5172.115;450.471
Selenium;0.52;221.0;-47.193;49;46;flu;flu;temp;flu;-7174.306;-5982.676;155.684;5423.999
Copper;401.0;1085.0;353.066;28;4;temp;temp;flu;flu;991.492;567.728;-1587.616;14.555
Copper - Constantan (60% Cu, 40% Ni);22.7;1200.0;632.156;22;47;temp;flu;temp;flu;578.149;-6139.837;708.449;-6438.318
Steel - Chrome Nickel, 15% Cr, 10% Ni;19.0;1400.0;317.348;31;19;temp;temp;flu;temp;962.141;668.377;-2597.391;595.058
Uranium;27.0;1132.0;-150.63;35;40;temp;temp;flu;temp;134.977;341.489;7604.146;187.416
Bismuth;8.2;271.0;-157.845;3;17;flu;flu;temp;temp;8348.276;-7084.752;-146.75;-156.322
Steel - Carbon, 1.5% C;36.0;1480.0;953.376;22;4;flu;flu;flu;temp;4598.352;7118.41;-5225.647;684.527
Steel - Stainless, Type 304;14.4;1400.0;447.951;27;47;flu;flu;flu;flu;-4598.991;5976.517;678.169;5944.602
Steel - Hastelloy B;10.0;1390.0;578.125;18;21;temp;flu;temp;temp;1342.804;8948.956;214.226;105.45
Steel - Nickel Chrome, 80% Ni, 15% Cr;17.0;1400.0;1133.693;13;33;temp;temp;flu;temp;790.589;1.179;-3745.647;300.08
Zirconium;23.2;1855.0;1004.947;23;35;temp;temp;flu;temp;1246.559;105.86;4259.362;949.099
Copper - Brass (Yellow Brass);111.0;920.0;0.824;24;12;temp;flu;flu;flu;-145.972;2827.783;-233.668;7643.6
Molybdenum;139.0;2623.0;2244.28;27;11;temp;flu;temp;temp;2013.242;1068.818;50.569;-124.363
Chromium;94.8;1907.0;212.82;35;2;flu;flu;flu;flu;-4465.17;-7455.31;8604.426;6626.616
Cupronickel;29.0;1200.0;1010.256;25;24;flu;flu;flu;flu;-4976.133;1715.566;4505.559;1255.795
Steel - Nickel Chrome, 80% Ni, 15% Cr;17.0;1400.0;725.378;42;31;temp;flu;flu;flu;186.709;559.601;-8250.238;8100.563
Iridium;148.0;2446.0;185.205;48;32;flu;temp;temp;flu;7292.891;-157.711;-21.208;-5686.922
Steel - Hastelloy C;8.7;1390.0;1285.56;2;7;flu;temp;temp;flu;-5336.262;483.587;346.926;-7658.785
Copper;401.0;1085.0;759.472;11;28;flu;flu;flu;temp;2125.326;2593.816;-6130.473;602.401
Steel - Stainless, Type 304;14.4;1400.0;137.437;23;48;temp;flu;temp;temp;-8.173;-6032.248;337.567;-42.727
Zirconium;23.2;1855.0;643.941;15;16;flu;temp;temp;temp;8456.795;208.0;1008.67;-150.236
Aluminum alloy 360;150.0;575.0;181.941;19;7;flu;flu;flu;flu;3119.543;3339.931;7313.672;-542.74
Silver;428.0;961.0;176.457;9;10;temp;temp;temp;temp;558.468;389.26;-175.021;-12.863
Tungsten;182.0;3422.0;2303.374;29;18;temp;temp;flu;temp;2360.187;852.595;3025.405;825.107
Mercury;28.9;-39.0;-68.627;45;22;temp;temp;flu;flu;-182.116;-167.697;2767.349;-4057.035
Osmium;61.0;3033.0;1393.726;44;5;temp;flu;temp;temp;2052.024;-5421.308;2195.562;577.99
Sodium;135.0;97.8;58.874;2;26;flu;flu;flu;flu;-2073.278;8032.122;7824.633;-8559.91
Steel - Nickel, 20% Ni;19.0;1450.0;9.235;32;18;temp;temp;flu;flu;1002.74;4.134;-2161.059;3007.052
Vanadium;31.3;1910.0;1618.248;32;0;temp;temp;temp;flu;454.064;1869.047;289.193;-7185.602
Selenium;0.52;221.0;27.921;12;23;temp;flu;temp;flu;200.382;45.307;196.985;3381.523
Steel - Hastelloy C;8.7;1390.0;1008.945;5;5;temp;temp;flu;flu;595.04;-75.406;7761.653;6858.653
Silver;428.0;961.0;815.826;33;45;flu;temp;flu;flu;9861.555;764.873;1154.563;3386.156
Aluminum alloy 360;150.0;575.0;522.728;38;1;flu;temp;temp;flu;-3414.426;559.603;15.679;-6400.577
Steel - Tungsten, 1% W;66.0;1450.0;1.737;3;37;temp;temp;flu;temp;941.258;230.579;-9755.794;876.2
Silver;428.0;961.0;908.811;43;17;temp;temp;temp;temp;520.974;-30.703;583.761;176.824
Steel - Chrome, 1% Cr;61.0;1480.0;83.173;6;22;temp;flu;flu;flu;40.198;1756.724;1048.238;8552.742
Cobalt;104.0;1495.0;1482.828;18;14;temp;flu;temp;flu;1029.778;-4962.411;1159.355;-8057.045
Copper - Brass (Yellow Brass);111.0;920.0;127.632;18;22;temp;temp;flu;flu;591.681;679.976;763.628;2073.843
Aluminum alloy 3003, rolled;190.0;643.0;253.292;18;42;flu;flu;temp;flu;-4227.937;2738.735;426.313;-2504.784
Beryllium;218.0;1287.0;233.804;18;27;flu;temp;flu;temp;8290.4;-109.404;-460.352;1266.491
Niobium;53.3;2477.0;1065.34;10;16;flu;temp;flu;flu;-3465.379;595.166;5545.911;1568.974
Silver;428.0;961.0;896.136;30;46;temp;flu;flu;temp;598.203;9198.96;-2263.076;-176.039
Tantalum;57.4;3017.0;2911.782;41;9;flu;temp;flu;flu;1825.496;471.462;-3974.858;8821.809
Aluminum;236.0;660.0;-5.067;4;14;temp;flu;temp;temp;-21.762;-7543.618;57.346;120.793
Osmium;61.0;3033.0;2579.828;0;39;temp;flu;flu;flu;2492.926;3918.916;-3437.347;-1690.322
Lead;35.5;327.0;252.102;7;42;flu;flu;flu;flu;8367.76;7417.268;8196.701;-762.395
Selenium;0.52;221.0;-60.229;44;47;flu;temp;temp;flu;256.239;16.069;-65.919;4195.44
Silicon;168.0;1414.0;1043.076;36;18;temp;flu;flu;flu;1037.653;-1397.059;1022.269;210.064
Cadmium;97.5;321.0;32.663;32;36;flu;flu;temp;flu;-5884.619;9157.721;0.915;-3029.565
Nickel;94.0;1455.0;947.433;12;25;flu;flu;flu;temp;6824.859;2478.943;-7269.645;115.415
Copper;401.0;1085.0;-165.496;36;5;temp;flu;flu;temp;12.712;4332.24;6319.597;83.245
Copper - Bronze (75% Cu, 25% Sn);26.0;950.0;-122.817;25;1;flu;flu;flu;temp;-3449.878;-8686.047;9331.054;-74.452
Beryllium copper 25;80.0;870.0;738.375;40;24;temp;flu;flu;temp;267.878;9503.478;9236.783;785.652
Incoloy;12.0;1390.0;756.526;32;3;flu;flu;flu;flu;361.875;8538.812;-49.222;-9579.418
Magnesium alloy AZ31B;100.0;620.0;560.178;17;31;flu;temp;flu;flu;6685.51;606.629;2089.123;-7811.009
Titanium;22.4;1668.0;1397.584;15;18;flu;temp;flu;temp;-6478.99;1410.258;3221.97;986.238
Tungsten;182.0;3422.0;1990.452;2;37;flu;flu;temp;flu;-1253.715;-328.126;2430.094;-7978.383
Iron;83.5;1538.0;-125.846;46;2;flu;flu;flu;flu;-3649.5;-9567.858;9013.573;2336.21
Cobalt;104.0;1495.0;1329.726;13;26;temp;temp;temp;temp;-58.519;817.058;506.682;493.974
Indium;83.7;157.0;133.705;0;10;flu;temp;temp;flu;1630.571;126.544;70.377;-6877.327
Aluminum;236.0;660.0;513.952;11;41;temp;flu;flu;flu;301.686;-9111.909;8698.236;7373.359
Potassium;104.0;63.5;-53.332;24;47;temp;temp;temp;temp;-0.083;-134.826;47.085;-113.426
Steel - Manganese, 1% Mn;50.0;1460.0;110.453;12;33;temp;flu;temp;temp;42.591;2768.766;1003.028;519.337
Steel - Stainless, Type 347;14.3;1400.0;326.09;41;4;flu;temp;temp;temp;-5169.78;746.551;708.889;344.236
Copper - Brass (Yellow Brass);111.0;920.0;532.754;13;2;flu;flu;flu;temp;-7363.67;3606.013;4107.262;636.129
Steel - Nickel, 40% Ni;10.0;1450.0;62.108;30;36;temp;temp;temp;flu;1069.349;642.301;729.702;-1960.393
Lead;35.5;327.0;250.475;42;46;flu;temp;temp;flu;-2507.347;217.835;165.619;-3519.74
Germanium;66.7;938.0;-143.672;32;0;temp;temp;temp;flu;221.567;693.366;641.296;8997.651
Steel - Chrome Nickel, 20% Cr, 15% Ni;15.1;1400.0;1106.315;40;33;temp;flu;flu;flu;836.631;-4203.201;9451.302;9838.328
Aluminum - Duralumin;164.0;650.0;514.881;30;15;temp;flu;temp;flu;220.876;-5754.095;201.548;8826.551
Iridium;148.0;2446.0;2423.461;48;20;temp;flu;temp;flu;566.279;-5786.985;-169.017;7863.728
Cesium;36.1;28.5;-143.877;13;30;flu;temp;temp;flu;-2252.321;-77.268;-118.484;1316.213
Steel - Nickel, 60% Ni;19.0;1450.0;-183.645;5;21;flu;temp;flu;flu;-2601.569;1009.88;-2975.14;3288.98
Rhenium;48.6;3180.0;2692.865;21;38;flu;flu;flu;temp;5514.853;7891.21;-4423.82;-157.532
Copper - Phosphor bronze;50.0;900.0;-78.796;39;38;temp;flu;temp;temp;432.918;6945.151;606.929;851.92
Monel;26.0;1300.0;41.284;4;0;temp;temp;flu;flu;859.569;1138.752;7398.395;-3705.964
Copper - German Silver (Maillechort);24.9;900.0;500.736;37;11;temp;flu;flu;temp;596.531;-9300.692;7127.683;198.346
Molybdenum;139.0;2623.0;338.505;37;36;flu;flu;flu;flu;3379.116;8613.294;2344.597;9088.201
Bismuth;8.2;271.0;-93.553;37;17;flu;temp;temp;temp;3671.615;65.174;89.359;-190.27
Steel - Nickel, 20% Ni;19.0;1450.0;1036.537;24;47;temp;flu;flu;temp;893.89;-2832.124;592.501;-123.861
Steel - Carbon, 1.5% C;36.0;1480.0;1184.604;30;34;temp;temp;flu;temp;1293.12;405.431;-8833.132;222.825
Cobalt;104.0;1495.0;66.927;3;4;flu;flu;temp;temp;7577.099;-852.453;-5.949;740.905
Plutonium;8.0;639.0;67.51;11;8;temp;temp;flu;temp;178.543;441.367;-8231.66;11.639
Beryllium copper 25;80.0;870.0;-30.782;49;33;temp;temp;temp;flu;834.341;256.606;-28.404;1464.537
Niobium;53.3;2477.0;721.359;6;15;temp;temp;flu;temp;1732.29;2256.622;-7604.709;-101.006
Tungsten;182.0;3422.0;2159.744;33;15;temp;temp;flu;temp;1339.395;1224.522;2428.594;785.267
Cesium;36.1;28.5;-175.261;49;3;flu;flu;flu;flu;-6762.403;6936.447;-2546.609;-3798.585
Aluminum alloy 3003, rolled;190.0;643.0;6.603;30;33;temp;flu;temp;temp;346.703;-3503.343;134.305;-85.036
Steel - Chrome, 1% Cr;61.0;1480.0;1352.172;30;19;flu;temp;temp;temp;-8972.624;-104.024;63.262;1356.403
Nickel;94.0;1455.0;577.836;36;30;temp;temp;temp;temp;1267.756;1040.16;1043.006;514.384
Copper - Bronze (75% Cu, 25% Sn);26.0;950.0;4.839;16;24;temp;flu;flu;flu;-179.401;-5711.129;-6165.128;-5063.403
Lithium;79.2;180.0;-94.582;8;27;temp;flu;temp;flu;110.324;-1166.107;138.127;-29.949
Aluminum - Silumin;164.0;577.0;-25.638;25;21;temp;temp;temp;flu;351.891;-107.079;439.45;671.819
Steel - Manganese, 1% Mn;50.0;1460.0;-120.165;33;20;flu;temp;flu;temp;6615.016;669.524;8638.129;1091.328
Platinum;71.5;1768.0;776.979;27;48;flu;flu;temp;temp;4205.204;-2452.059;80.505;611.265
Magnesium;157.0;650.0;481.231;18;26;flu;temp;temp;flu;-2809.922;420.045;520.689;3090.55
Steel - Nickel, 20% Ni;19.0;1450.0;1066.305;23;32;temp;temp;flu;temp;1218.09;-117.626;-6613.336;1175.638
Silicon;168.0;1414.0;138.245;39;8;flu;temp;flu;temp;-2657.453;153.358;-9773.987;661.769
Molybdenum;139.0;2623.0;1511.405;8;37;flu;temp;temp;temp;7382.66;1125.6;1203.99;391.067
Iridium;148.0;2446.0;2039.226;38;18;flu;temp;temp;temp;8012.701;1698.925;2379.374;427.117
Magnesium;157.0;650.0;603.9;47;31;flu;temp;temp;temp;-1216.742;-189.894;-44.728;75.562
Silver;428.0;961.0;217.603;44;27;temp;temp;temp;flu;-47.661;-35.014;-174.58;-3693.808
Cupronickel;29.0;1200.0;-163.298;11;47;flu;temp;flu;temp;1111.563;156.692;-4909.416;923.046
Hafnium;23.3;2233.0;206.586;24;20;flu;temp;temp;flu;-5060.387;1547.749;-176.438;-9504.028
Incoloy;12.0;1390.0;505.037;8;5;temp;flu;temp;flu;-181.999;-7794.997;1114.817;-1228.407
Steel - Chrome, 10% Cr;31.0;1480.0;25.167;9;40;flu;flu;temp;temp;4170.366;9512.449;-108.991;231.648
Indium;83.7;157.0;94.575;26;1;temp;temp;temp;temp;-97.366;-21.697;-75.691;-172.876
Aluminum alloy 360;150.0;575.0;-57.08;48;46;flu;temp;temp;flu;-5125.125;225.274;454.333;203.317
Iron;83.5;1538.0;660.193;16;17;temp;flu;flu;temp;1390.578;-9696.701;1596.005;913.009
Niobium;53.3;2477.0;5.432;33;38;flu;flu;flu;temp;7300.193;-5722.084;-1624.397;1736.057
Steel - Manganese, 1% Mn;50.0;1460.0;428.552;45;16;temp;temp;flu;temp;342.007;718.013;6039.312;207.607
Vanadium;31.3;1910.0;1040.382;17;17;temp;flu;temp;flu;-86.171;4450.823;965.534;2705.4
Steel - Stainless, Type 347;14.3;1400.0;790.044;23;4;flu;flu;temp;temp;-3423.71;4944.82;1304.253;1316.487
Copper - Admiralty Brass;111.0;900.0;-7.039;16;33;flu;flu;flu;temp;-5017.838;7825.393;6885.209;127.125
Copper - Aluminum Bronze (95% Cu, 5% Al);83.0;1027.0;483.367;32;28;flu;temp;flu;temp;8691.473;307.527;-4988.115;-121.353
Aluminum alloy 360;150.0;575.0;-53.604;2;36;temp;temp;temp;temp;-116.393;182.921;503.91;185.853
Niobium;53.3;2477.0;712.85;16;6;flu;flu;flu;flu;-6616.636;-9150.473;7076.088;-3584.955
Aluminum alloy 2014, annealed;190.0;507.0;196.768;27;0;flu;flu;temp;flu;994.885;-2533.916;31.753;-8753.284
Steel - Nickel, 10% Ni;26.0;1450.0;22.043;22;23;temp;temp;flu;temp;1208.272;752.933;-21.54;-174.962
Chromium;94.8;1907.0;1260.682;41;8;flu;flu;temp;temp;7148.725;-6319.065;1408.283;334.623
Inconel;15.0;1390.0;855.375;36;3;temp;flu;flu;temp;-11.399;9585.375;-613.734;599.424
Copper;401.0;1085.0;889.354;5;43;temp;flu;flu;flu;42.325;9640.026;3244.639;8762.449
Monel;26.0;1300.0;955.173;13;8;flu;flu;temp;temp;-1816.806;-3285.707;658.153;356.971
Copper - Admiralty Brass;111.0;900.0;850.84;30;17;flu;flu;temp;temp;5565.582;-5660.6;848.286;661.81
Beryllium;218.0;1287.0;326.597;4;35;temp;temp;temp;temp;741.815;650.362;193.611;402.0
Niobium;53.3;2477.0;32.303;44;8;temp;temp;temp;temp;2223.067;1654.604;1974.64;1881.977
Steel - Chrome, 10% Cr;31.0;1480.0;259.373;38;24;temp;temp;flu;temp;1345.445;1284.375;-3859.487;-30.267
Gold;318.0;1064.0;490.264;1;0;flu;temp;flu;flu;-1459.346;607.016;-2938.992;-443.175
Thorium;42.0;1750.0;556.211;21;43;temp;flu;temp;flu;535.908;-2275.863;1021.701;6254.515
Plutonium;8.0;639.0;468.92;19;12;temp;flu;temp;temp;381.819;4959.899;-175.578;-2.388
Steel - Nickel Chrome, 40% Ni, 15% Cr;11.6;1400.0;-145.244;5;12;temp;temp;flu;temp;841.347;823.124;-9567.772;222.705
Molybdenum;139.0;2623.0;714.37;4;30;temp;flu;flu;flu;1623.221;6297.744;4390.999;858.408
Steel - Nickel Chrome, 40% Ni, 15% Cr;11.6;1400.0;606.888;0;20;temp;temp;flu;flu;304.557;1328.569;-2259.456;2102.22
Steel - Hastelloy B;10.0;1390.0;-173.598;7;24;flu;temp;temp;temp;5458.942;158.325;12.781;489.706
Copper - Bronze (75% Cu, 25% Sn);26.0;950.0;22.181;26;24;flu;flu;flu;flu;7148.394;-1986.828;1042.846;-3591.222
Osmium;61.0;3033.0;-116.021;7;22;temp;temp;flu;flu;-110.941;169.963;-153.562;7274.473
Rubidium;58.3;39.3;-116.402;37;43;flu;temp;flu;temp;4219.597;-70.604;3480.715;-81.94
Bismuth;8.2;271.0;23.748;17;30;flu;flu;flu;temp;5138.44;-1112.514;7562.646;195.845
Steel - Chrome Nickel, 15% Cr, 10% Ni;19.0;1400.0;167.146;9;35;temp;temp;temp;temp;-154.941;1305.504;-76.37;114.159
Aluminum alloy 360;150.0;575.0;303.806;10;2;temp;temp;flu;flu;548.083;361.574;3444.816;-1909.846
Magnesium alloy AZ31B;100.0;620.0;357.751;13;30;temp;flu;flu;temp;509.025;-5744.342;6690.378;117.389
Monel;26.0;1300.0;1234.949;23;27;temp;temp;temp;temp;728.61;1030.705;809.049;582.044
Rhenium;48.6;3180.0;1004.689;20;25;temp;temp;temp;temp;1208.361;312.812;132.468;314.858
Sodium;135.0;97.8;66.326;19;42;flu;flu;flu;temp;-5984.31;5047.673;-8133.579;67.737
Antimony;25.5;631.0;436.805;10;38;temp;temp;temp;temp;286.454;98.03;46.651;15.895
Incoloy;12.0;1390.0;1024.658;2;3;temp;flu;temp;flu;-166.072;-9704.682;432.76;5166.382
Silicon;168.0;1414.0;182.703;37;15;flu;temp;temp;temp;-6778.342;1314.878;606.373;594.697
Copper - German Silver (Maillechort);24.9;900.0;572.715;8;46;temp;flu;temp;temp;651.266;-6113.399;646.164;76.416
Vanadium;31.3;1910.0;790.242;11;38;flu;flu;flu;temp;-1304.256;1678.91;-7015.618;5.9
Palladium;75.5;1554.0;778.564;33;3;temp;flu;flu;temp;1396.477;-3390.336;1571.802;37.602
Steel - Stainless, Type 304;14.4;1400.0;1186.314;7;3;temp;temp;flu;temp;238.65;202.317;-1919.189;68.02
Osmium;61.0;3033.0;1335.56;35;8;flu;temp;flu;temp;-822.93;521.84;-6577.773;926.765
Iron;83.5;1538.0;113.757;33;42;flu;flu;temp;temp;4503.896;6863.987;122.303;-8.408
Incoloy;12.0;1390.0;130.318;3;27;temp;flu;temp;flu;1012.849;-7080.395;381.107;3972.884
Cobalt;104.0;1495.0;401.065;45;42;flu;flu;temp;flu;7984.196;-9335.992;891.845;-6699.051
Rhenium;48.6;3180.0;2321.998;0;38;temp;flu;flu;flu;-94.076;-5092.442;3278.005;9870.286
Copper - Cartridge Brass;120.0;920.0;681.245;41;39;temp;temp;temp;temp;807.664;847.727;99.013;635.125
Copper - Brass (Yellow Brass);111.0;920.0;-15.97;2;8;flu;temp;flu;flu;8262.613;778.117;-6859.021;-8730.007
Steel - Chrome, 10% Cr;31.0;1480.0;785.908;22;5;temp;flu;temp;temp;684.132;-5866.542;852.399;188.375
Niobium;53.3;2477.0;879.004;46;12;temp;temp;temp;temp;2220.241;327.632;1979.754;404.449
Rhodium;151.0;1964.0;963.415;42;20;temp;flu;temp;flu;384.406;4940.041;952.239;-2516.741
Lithium;79.2;180.0;-112.278;42;41;flu;flu;flu;temp;-9279.753;-4053.511;3013.009;-67.683
Steel - Nickel Chrome, 80% Ni, 15% Cr;17.0;1400.0;760.908;32;44;temp;flu;flu;flu;1084.539;-7398.214;9737.0;-1510.317
Inconel;15.0;1390.0;347.923;48;6;flu;temp;flu;temp;8390.766;-77.303;2927.684;1244.354
Hafnium;23.3;2233.0;1413.891;37;1;flu;temp;temp;flu;5301.782;1519.831;2161.723;9056.057
Aluminum;236.0;660.0;43.427;43;19;flu;flu;temp;temp;4320.606;-8126.666;173.281;482.869
Vanadium;31.3;1910.0;-26.781;6;18;temp;temp;temp;flu;1664.724;1062.509;1892.478;5038.276
Cupronickel;29.0;1200.0;47.036;49;29;temp;flu;temp;temp;-89.381;8474.204;919.018;-128.695
Silver;428.0;961.0;581.703;35;13;flu;flu;flu;temp;-8951.358;-2462.87;-3626.737;934.093
Zirconium;23.2;1855.0;1249.471;30;7;flu;temp;temp;flu;260.03;-0.667;1532.089;-4952.852
Steel - Nickel, 60% Ni;19.0;1450.0;1409.154;30;48;flu;flu;temp;flu;-8992.836;-3050.079;1181.085;-3762.675
Steel - Chrome, 10% Cr;31.0;1480.0;795.687;44;14;flu;temp;flu;temp;-7094.115;1434.528;3595.271;645.128
Copper - Cartridge Brass;120.0;920.0;-169.731;10;15;flu;temp;flu;flu;3435.612;768.137;-7454.841;-5771.402
Steel - Chrome, 5% Cr;40.0;1480.0;1092.253;38;20;flu;flu;flu;temp;3655.283;6977.032;6145.391;114.265
Copper - Phosphor bronze;50.0;900.0;481.859;49;1;flu;flu;temp;temp;6169.208;2746.778;137.838;315.374
Steel - Nickel, 20% Ni;19.0;1450.0;-102.566;3;47;flu;temp;flu;flu;-9783.044;761.497;4017.439;2793.151
Cupronickel;29.0;1200.0;211.139;0;48;temp;temp;flu;flu;-10.031;801.525;-4120.208;-7541.555
Solder 50-50;50.0;183.0;-75.273;4;28;flu;temp;temp;flu;-835.947;157.092;165.417;-4240.353
Platinum;71.5;1768.0;1407.812;47;29;temp;flu;flu;flu;424.072;-6633.397;740.778;-4670.539
Rhenium;48.6;3180.0;2343.239;10;3;flu;temp;temp;flu;9697.701;2119.404;1416.855;4506.188
Silicon;168.0;1414.0;1057.703;40;3;temp;temp;flu;temp;-126.979;877.631;-4545.898;399.788
Indium;83.7;157.0;46.316;37;48;temp;temp;temp;temp;41.885;38.477;135.746;36.159
Thorium;42.0;1750.0;350.707;46;27;temp;temp;temp;flu;972.267;1563.027;1691.97;1286.957
Steel - Carbon, 1% C;43.0;1470.0;997.84;25;25;temp;flu;temp;temp;706.704;7965.712;362.157;-151.187
Steel - Nickel, 20% Ni;19.0;1450.0;284.803;10;14;flu;temp;temp;temp;8961.864;-173.682;1197.233;1374.15
Selenium;0.52;221.0;-185.977;7;23;flu;temp;flu;flu;-7859.206;-188.25;2625.347;-9523.123
Iridium;148.0;2446.0;-143.776;46;33;flu;temp;temp;temp;-3681.615;2220.826;193.944;1852.252
Boron;31.7;2076.0;461.333;26;8;temp;temp;flu;temp;1911.326;1152.149;412.122;1054.935
Copper - Constantan (60% Cu, 40% Ni);22.7;1200.0;562.951;25;10;flu;temp;temp;flu;-7700.164;93.809;214.943;3290.864
Cobalt;104.0;1495.0;-129.312;7;46;flu;temp;flu;temp;-7268.555;-194.693;7784.148;-75.12
Steel - Carbon, 1.5% C;36.0;1480.0;379.284;21;37;flu;flu;temp;temp;-2621.415;4971.392;425.07;780.484
Silicon;168.0;1414.0;388.233;18;34;flu;temp;flu;flu;7180.506;777.434;5078.156;3106.701
Hastelloy C;12.0;1390.0;844.197;17;40;temp;temp;flu;flu;1234.333;115.547;2922.378;-3852.231
Steel - Hastelloy B;10.0;1390.0;218.675;29;28;temp;temp;flu;flu;1049.721;850.67;-894.403;9862.762
Hastelloy C;12.0;1390.0;41.167;30;23;flu;temp;flu;temp;-5444.997;1259.212;-3419.152;366.906
Copper - Constantan (60% Cu, 40% Ni);22.7;1200.0;216.343;29;4;temp;flu;flu;temp;-127.34;-5734.965;-5349.262;449.074
Lithium;79.2;180.0;136.776;5;37;flu;temp;flu;flu;5221.26;53.749;7082.017;-446.105
Copper - Red Brass;61.0;920.0;848.876;13;3;temp;temp;temp;flu;321.518;874.55;127.287;4843.499
Zirconium;23.2;1855.0;1433.993;0;41;temp;temp;flu;temp;1376.606;1631.038;-7573.425;1794.896
Steel - Nickel Chrome, 40% Ni, 15% Cr;11.6;1400.0;-72.451;29;47;flu;flu;flu;temp;2985.201;5212.308;-4586.082;1197.239
Aluminum alloy 360;150.0;575.0;302.254;35;31;temp;flu;temp;flu;157.976;-3124.735;40.668;2611.383
Rubidium;58.3;39.3;-61.168;37;26;temp;temp;temp;temp;-55.826;-123.429;-148.645;-15.511
Manganese;7.68;1246.0;1019.439;40;45;flu;temp;temp;temp;-8681.892;357.427;145.725;204.221
Cupronickel;29.0;1200.0;928.628;11;4;flu;temp;temp;temp;-6204.688;-127.012;1125.87;99.851
Steel - Hastelloy B;10.0;1390.0;911.906;30;27;temp;flu;flu;temp;-172.156;1211.897;-5165.278;-12.693
Thorium;42.0;1750.0;764.918;22;2;flu;flu;flu;temp;6106.073;-1112.234;-646.661;1712.676
Copper - Aluminum Bronze (95% Cu, 5% Al);83.0;1027.0;824.233;3;12;temp;flu;flu;flu;122.814;-5738.281;744.113;-9667.734
Copper - Aluminum Bronze (95% Cu, 5% Al);83.0;1027.0;-132.233;15;35;temp;flu;temp;temp;201.202;4439.132;-44.156;805.557
Rubidium;58.3;39.3;-57.017;27;12;temp;flu;temp;temp;-3.978;-6752.713;18.32;28.151
Steel - Hastelloy C;8.7;1390.0;-59.951;0;31;flu;flu;temp;temp;-7846.013;5654.896;227.923;237.478
Rhodium;151.0;1964.0;412.82;21;35;temp;flu;flu;temp;767.939;9984.714;-5949.027;159.121
Sodium;135.0;97.8;-46.904;19;16;flu;flu;flu;temp;1762.443;8174.751;9915.731;47.873
Steel - Nickel, 40% Ni;10.0;1450.0;212.908;16;1;flu;temp;flu;temp;7957.717;1229.599;3894.208;964.34
Aluminum bronze;70.0;1027.0;-112.063;24;3;temp;temp;temp;temp;110.373;54.556;43.434;357.684
Steel - Nickel Chrome, 40% Ni, 15% Cr;11.6;1400.0;1097.88;44;28;temp;flu;flu;temp;390.564;8429.724;5448.595;51.03
Beryllium copper 25;80.0;870.0;643.082;8;20;temp;temp;temp;temp;367.091;575.247;318.001;501.767
Copper - Brass (Yellow Brass);111.0;920.0;573.034;2;15;flu;flu;temp;flu;7927.606;-950.226;503.02;-3824.588
Aluminum - Silumin;164.0;577.0;172.448;22;21;temp;flu;flu;temp;478.293;-8910.328;861.426;548.088
Hastelloy C;12.0;1390.0;150.586;43;26;flu;temp;flu;flu;-5244.03;1022.189;-5272.084;-7245.775
Selenium;0.52;221.0;178.504;4;0;temp;flu;flu;flu;69.385;8647.319;-4955.731;-3907.398
Copper - Aluminum Bronze (95% Cu, 5% Al);83.0;1027.0;280.379;18;20;flu;flu;temp;temp;6621.409;-5084.853;311.126;132.29
Steel - Stainless, Type 347;14.3;1400.0;950.546;3;16;flu;temp;temp;temp;170.257;-103.686;241.256;1280.786
Tantalum;57.4;3017.0;1600.793;28;32;flu;temp;temp;temp;9144.518;1470.736;609.212;735.668
Selenium;0.52;221.0;-90.525;5;30;flu;flu;flu;flu;-8575.598;5947.088;-1428.182;8776.721
Solder 50-50;50.0;183.0;126.589;5;40;temp;flu;flu;temp;169.451;-1.937;-1795.887;122.864
Steel - Chrome, 1% Cr;61.0;1480.0;1307.951;35;19;temp;flu;flu;flu;501.946;-1002.092;6690.32;5936.275
Steel - Nickel, 10% Ni;26.0;1450.0;857.524;41;2;flu;temp;temp;temp;9311.797;1219.975;441.095;109.589
Copper - Cartridge Brass;120.0;920.0;322.23;22;36;flu;flu;flu;flu;-4631.635;-7539.972;-2153.696;5997.342
Bismuth;8.2;271.0;-59.097;48;4;flu;flu;temp;flu;3306.36;-3610.164;34.736;605.702
Copper - Red Brass;61.0;920.0;-136.115;30;34;temp;temp;flu;temp;73.755;834.961;-9634.469;225.161
Monel;26.0;1300.0;1256.913;19;31;flu;flu;temp;temp;-7030.215;9995.875;1008.438;560.079
Aluminum bronze;70.0;1027.0;582.789;31;36;flu;flu;flu;flu;3202.206;3822.304;-3633.841;6095.559
Aluminum alloy 360;150.0;575.0;80.618;45;5;flu;flu;flu;flu;7921.41;2051.343;-3768.424;2286.934
Solder 50-50;50.0;183.0;171.246;32;36;flu;temp;temp;temp;-7596.534;-177.405;99.98;-142.396
Steel - Nickel, 10% Ni;26.0;1450.0;803.874;11;34;flu;temp;temp;flu;-9120.316;185.371;1198.363;-2537.849
Cadmium;97.5;321.0;-189.87;22;8;flu;temp;temp;temp;4245.719;-182.223;151.528;83.875
Rhodium;151.0;1964.0;745.099;10;41;flu;flu;temp;flu;-6550.443;-9984.61;-86.503;-2611.42
Steel - Nickel, 10% Ni;26.0;1450.0;225.044;25;30;flu;temp;temp;temp;-271.623;866.772;1264.046;-143.251
Steel - Chrome, 10% Cr;31.0;1480.0;763.519;26;45;flu;temp;flu;temp;-9395.041;1150.952;1927.156;6.984
Indium;83.7;157.0;-51.633;12;49;temp;temp;temp;flu;-129.841;-97.823;-95.217;-4228.462
Aluminum;236.0;660.0;-98.389;30;21;flu;temp;temp;temp;-2797.982;-14.945;407.006;71.208
Steel - Nickel, 60% Ni;19.0;1450.0;1170.282;40;31;temp;temp;flu;temp;704.014;796.634;-7591.958;584.137
Incoloy;12.0;1390.0;180.88;44;22;temp;temp;temp;temp;159.966;863.929;1360.023;234.506
Monel;26.0;1300.0;1174.731;10;12;temp;temp;flu;flu;86.528;941.84;-2043.788;1534.672
Gold;318.0;1064.0;1040.116;41;1;flu;temp;flu;flu;-6087.609;751.266;1240.689;3048.039
Platinum;71.5;1768.0;1675.422;16;41;flu;flu;temp;flu;7943.887;-2024.219;1729.403;2324.96
Copper - Phosphor bronze;50.0;900.0;741.554;13;37;temp;temp;flu;temp;800.678;259.467;7821.037;-144.244
Palladium;75.5;1554.0;451.129;41;36;temp;flu;flu;flu;507.865;5073.515;8978.248;-9434.615
Aluminum alloy 2014, annealed;190.0;507.0;53.83;30;41;flu;flu;temp;temp;-5666.429;-8859.955;-39.044;455.339
Rubidium;58.3;39.3;-187.517;9;14;temp;temp;flu;flu;-23.914;-77.702;4568.674;-3255.027
Steel - Nickel, 40% Ni;10.0;1450.0;1363.315;36;47;temp;flu;temp;flu;113.16;-5212.823;1323.15;-5216.769
Steel - Nickel, 60% Ni;19.0;1450.0;661.92;34;39;flu;flu;temp;temp;3639.268;-7720.255;439.728;891.167
Solder 50-50;50.0;183.0;43.121;15;11;flu;flu;flu;temp;2848.392;1290.519;3049.537;-161.465
Copper - Cartridge Brass;120.0;920.0;587.556;4;24;temp;flu;temp;flu;-29.971;8525.775;82.441;-8427.237
Zinc;122.0;419.0;38.694;16;25;flu;flu;temp;temp;-1749.318;8364.946;176.848;-190.917
Steel - Nickel Chrome, 40% Ni, 15% Cr;11.6;1400.0;881.773;1;5;flu;temp;flu;flu;4370.05;387.763;-571.523;3290.633
Nickel;94.0;1455.0;997.932;44;30;temp;flu;flu;flu;428.774;5653.11;-9983.161;3316.263
Potassium;104.0;63.5;-172.32;7;47;flu;temp;flu;temp;-2508.22;38.188;-4946.606;-83.107
Aluminum bronze;70.0;1027.0;710.157;42;44;flu;temp;temp;flu;5055.494;117.74;166.794;-5208.278
Monel;26.0;1300.0;231.868;38;39;flu;temp;temp;flu;4462.924;883.229;422.163;-9124.779
Copper - Bronze (75% Cu, 25% Sn);26.0;950.0;206.421;2;31;temp;flu;temp;flu;296.458;-4890.904;684.392;-2804.872
Boron;31.7;2076.0;1743.836;39;32;flu;flu;flu;flu;-3400.917;9822.455;9204.61;7350.632
Platinum;71.5;1768.0;716.454;1;4;flu;flu;flu;temp;-7957.778;2351.984;-7061.002;378.205
Cesium;36.1;28.5;18.259;0;45;flu;flu;temp;temp;3181.039;2773.928;-163.194;-158.713
Osmium;61.0;3033.0;-160.406;27;25;flu;flu;temp;flu;-6271.913;8297.879;49.462;6285.931
Copper - Admiralty Brass;111.0;900.0;72.905;41;1;flu;flu;flu;temp;-6232.355;9547.314;2828.284;-104.465
Germanium;66.7;938.0;606.605;16;0;temp;temp;flu;flu;374.67;846.542;-1188.217;-5325.459
Copper - Aluminum Bronze (95% Cu, 5% Al);83.0;1027.0;94.106;34;16;temp;temp;flu;temp;-173.676;181.057;-2066.666;827.97
Zirconium;23.2;1855.0;527.678;36;44;flu;flu;temp;flu;-5588.944;9908.41;1747.708;349.685
Iridium;148.0;2446.0;2104.303;40;9;flu;temp;temp;flu;-4642.921;1332.914;1698.257;2862.925
Incoloy;12.0;1390.0;1273.109;45;43;flu;temp;temp;temp;-9054.879;-35.305;1099.388;441.298
Steel - Carbon, 1% C;43.0;1470.0;873.736;5;21;temp;flu;flu;flu;270.701;8247.969;-4701.733;-1904.043
Copper - Aluminum Bronze (95% Cu, 5% Al);83.0;1027.0;410.121;35;22;temp;flu;temp;temp;658.509;4959.432;297.214;206.002
Lead;35.5;327.0;-64.055;11;25;temp;flu;temp;flu;-148.595;3868.828;21.173;9648.125
Osmium;61.0;3033.0;1706.049;30;9;flu;flu;temp;flu;2886.052;-2650.549;-60.221;-4396.88
Copper - Constantan (60% Cu, 40% Ni);22.7;1200.0;351.805;45;27;flu;flu;temp;flu;-4035.813;9813.388;953.77;2577.922
Copper - Cartridge Brass;120.0;920.0;835.856;16;6;flu;temp;flu;flu;-3813.614;-80.523;-4332.415;346.304
Titanium;22.4;1668.0;936.288;48;34;flu;flu;flu;temp;-2535.518;7473.434;8208.957;1506.267
Boron;31.7;2076.0;1942.069;24;44;flu;flu;temp;flu;4741.668;-148.105;1382.353;-1974.932
Steel - Carbon, 1% C;43.0;1470.0;-167.329;0;22;flu;flu;temp;flu;-1257.044;-9085.708;724.772;-2380.165
Indium;83.7;157.0;-67.115;44;8;temp;temp;flu;temp;-25.054;-151.305;1933.199;-71.575
Lithium;79.2;180.0;-171.125;29;12;flu;temp;flu;temp;-9134.993;-182.49;-280.423;52.507
Magnesium alloy AZ31B;100.0;620.0;-46.111;2;29;flu;temp;flu;temp;-2164.014;487.66;3607.776;-156.23
Aluminum alloy 3003, rolled;190.0;643.0;142.66;32;39;flu;flu;temp;temp;5028.451;-4119.748;567.006;431.315
Aluminum - Silumin;164.0;577.0;200.758;23;43;flu;temp;flu;flu;3986.0;432.554;-7301.057;-9291.84
Steel - Nickel, 60% Ni;19.0;1450.0;995.174;39;43;flu;flu;flu;temp;6349.6;4800.572;-3216.28;1262.458
Iron;83.5;1538.0;-49.848;0;47;flu;temp;temp;temp;6272.868;161.1;375.386;1173.764
Antimony;25.5;631.0;188.235;5;29;temp;temp;flu;temp;-187.685;-181.217;-7713.021;288.578
Hastelloy C;12.0;1390.0;-128.021;40;20;temp;flu;temp;flu;1006.537;3250.261;451.065;6457.838
Osmium;61.0;3033.0;-155.462;39;42;flu;flu;flu;temp;7956.645;-6753.302;-1542.951;2700.936
Steel - Hastelloy B;10.0;1390.0;-49.426;39;18;flu;flu;temp;flu;4481.453;3811.181;864.148;-7690.368
Vanadium;31.3;1910.0;-155.53;28;1;flu;flu;flu;flu;-2861.924;-697.822;-8980.989;-8931.67
Incoloy;12.0;1390.0;515.457;25;38;flu;temp;temp;temp;8894.271;280.162;596.835;317.496
Rhodium;151.0;1964.0;1932.226;12;46;flu;temp;flu;flu;1209.814;756.425;-1236.362;431.819
Steel - Hastelloy B;10.0;1390.0;508.406;48;10;temp;flu;flu;temp;579.203;-4384.637;-2569.292;674.839
Aluminum alloy 3003, rolled;190.0;643.0;12.414;5;28;temp;flu;temp;flu;100.71;990.835;120.377;-9989.045
Aluminum alloy 2014, annealed;190.0;507.0;138.126;17;44;flu;temp;temp;flu;-517.216;-86.879;-119.569;-9293.815
Aluminum bronze;70.0;1027.0;998.736;32;10;temp;flu;flu;flu;864.917;2295.515;7675.927;-1106.623
Hastelloy C;12.0;1390.0;1228.575;32;35;temp;flu;flu;flu;831.208;9045.007;6322.654;-3454.804
Copper - Constantan (60% Cu, 40% Ni);22.7;1200.0;762.831;23;40;flu;flu;temp;flu;734.931;1399.285;122.265;-3355.461
Steel - Nickel, 10% Ni;26.0;1450.0;1043.83;40;10;flu;temp;flu;flu;1392.261;1157.382;-179.721;3531.973
Steel - Chrome Nickel, 20% Cr, 15% Ni;15.1;1400.0;756.257;1;21;flu;temp;temp;flu;-4109.251;1199.356;11.907;-8049.974
Steel - Tungsten, 1% W;66.0;1450.0;447.541;7;38;flu;flu;temp;flu;1731.421;-7225.994;-158.483;-2578.165
Copper - Constantan (60% Cu, 40% Ni);22.7;1200.0;117.07;0;12;flu;temp;temp;temp;1110.449;760.75;472.436;1001.525
Steel - Nickel Chrome, 80% Ni, 15% Cr;17.0;1400.0;-167.09;4;48;temp;temp;temp;flu;1264.352;384.808;910.792;-9617.906
Germanium;66.7;938.0;89.062;22;24;temp;temp;flu;flu;812.907;713.646;-7771.561;-2591.641
Beryllium copper 25;80.0;870.0;69.275;42;7;temp;temp;flu;flu;53.595;-27.963;-3623.873;-4655.779
Copper - Constantan (60% Cu, 40% Ni);22.7;1200.0;420.578;29;14;temp;temp;temp;flu;820.693;1088.478;167.288;3648.637
Copper - Aluminum Bronze (95% Cu, 5% Al);83.0;1027.0;-169.197;49;10;temp;temp;flu;temp;773.501;978.626;-5415.032;397.26
Zinc;122.0;419.0;218.883;24;44;flu;flu;temp;flu;5644.675;6781.708;-124.162;-1542.913
Steel - Hastelloy C;8.7;1390.0;-111.794;16;11;flu;flu;temp;flu;-2752.53;-9004.774;117.907;-6944.247
Hastelloy C;12.0;1390.0;903.652;31;17;flu;temp;temp;flu;3875.83;773.263;1308.035;5193.028
Sodium;135.0;97.8;61.532;7;47;flu;flu;temp;temp;-9804.777;3745.394;-167.466;-118.976
Aluminum alloy 3003, rolled;190.0;643.0;85.653;2;36;flu;temp;flu;flu;-6113.461;459.067;4339.778;-659.953
Cobalt;104.0;1495.0;-171.365;22;32;temp;temp;temp;flu;222.721;624.833;667.729;-6776.913
Beryllium;218.0;1287.0;75.369;7;35;temp;temp;flu;temp;850.389;1026.401;156.125;1069.386
Boron;31.7;2076.0;1680.01;21;37;temp;temp;flu;temp;-111.181;1632.25;5069.804;1240.746
Steel - Nickel Chrome, 40% Ni, 15% Cr;11.6;1400.0;1038.276;49;9;temp;flu;flu;flu;410.079;-2680.896;-6829.738;6580.807
Rhodium;151.0;1964.0;855.563;38;45;temp;flu;flu;temp;275.919;4072.385;-7218.33;401.566
Germanium;66.7;938.0;427.745;27;15;flu;temp;flu;temp;-868.874;174.749;8000.91;540.937
Chromium;94.8;1907.0;1089.867;41;37;flu;temp;flu;flu;-4461.848;176.12;-4922.273;-5294.291
Iron;83.5;1538.0;-159.65;33;22;flu;flu;temp;flu;-8229.818;2003.635;66.158;-7765.016
Steel - Nickel, 60% Ni;19.0;1450.0;-174.326;30;47;temp;temp;flu;temp;1305.215;916.436;8342.123;200.28
Mercury;28.9;-39.0;-116.481;16;46;temp;flu;temp;temp;-154.238;7061.542;-49.577;-143.439
Steel - Stainless, Type 304;14.4;1400.0;1388.274;7;21;temp;temp;temp;temp;967.78;883.652;1355.323;397.452
Steel - Hastelloy B;10.0;1390.0;426.802;17;25;flu;temp;flu;flu;-5423.366;-112.081;-4554.761;7096.133
Aluminum alloy 360;150.0;575.0;79.936;34;28;temp;temp;temp;flu;498.649;529.97;386.533;-9961.604
Vanadium;31.3;1910.0;1822.355;39;3;temp;flu;temp;flu;1004.345;2949.18;992.851;-177.004
Steel - Tungsten, 1% W;66.0;1450.0;80.478;49;25;flu;flu;temp;temp;-2761.968;5030.294;497.003;1045.018
Mercury;28.9;-39.0;-72.383;14;48;flu;flu;temp;temp;-3310.375;4124.27;-92.757;-176.495
Iron;83.5;1538.0;533.944;0;33;flu;temp;flu;temp;9546.787;197.2;9425.301;-156.959
Solder 50-50;50.0;183.0;23.934;17;3;flu;flu;flu;temp;-5042.079;3622.61;4806.707;-11.908
Manganese;7.68;1246.0;-35.077;24;47;temp;flu;temp;temp;-66.445;-9595.367;827.577;922.552
Steel - Nickel, 60% Ni;19.0;1450.0;1274.219;29;48;temp;flu;temp;flu;1048.399;-7376.345;1003.729;9917.312
Copper - Brass (Yellow Brass);111.0;920.0;168.216;18;22;temp;flu;temp;temp;825.897;3032.395;46.924;552.989
Aluminum alloy 360;150.0;575.0;-171.119;13;34;flu;flu;flu;temp;5124.195;2392.183;-632.479;528.768
Cupronickel;29.0;1200.0;1086.222;27;44;temp;flu;flu;temp;846.037;2119.077;2440.952;513.051
Potassium;104.0;63.5;-104.722;18;40;flu;temp;flu;flu;-6079.485;-34.253;9252.056;5849.874
Copper - Phosphor bronze;50.0;900.0;542.432;42;0;flu;temp;temp;temp;-5128.435;200.27;429.838;708.623
Solder 50-50;50.0;183.0;-191.744;48;18;flu;temp;temp;flu;-8829.366;120.85;-112.81;-9124.937
Copper - Bronze (75% Cu, 25% Sn);26.0;950.0;265.672;49;20;flu;temp;temp;temp;8740.299;79.83;859.836;289.125
Steel - Carbon, 1% C;43.0;1470.0;1380.066;0;29;temp;flu;flu;flu;1081.662;4410.976;3093.325;5343.236
Tungsten;182.0;3422.0;589.219;41;16;flu;flu;flu;flu;-3549.494;4523.851;-9307.621;-6502.581
Niobium;53.3;2477.0;1844.848;21;17;flu;temp;temp;temp;-8468.925;972.671;490.167;1685.664
Aluminum alloy 3003, rolled;190.0;643.0;-186.042;25;39;temp;temp;flu;flu;5.289;-96.936;-8795.837;-9231.793
Steel - Nickel Chrome, 40% Ni, 15% Cr;11.6;1400.0;292.682;7;14;temp;temp;temp;flu;-55.71;365.748;321.586;-9055.414
Copper - Bronze (75% Cu, 25% Sn);26.0;950.0;783.014;17;20;flu;temp;temp;flu;-9333.799;135.795;-95.525;-4915.019
Aluminum;236.0;660.0;-64.882;25;42;temp;temp;flu;flu;601.748;85.252;4081.568;3491.802
Magnesium;157.0;650.0;610.627;38;9;flu;temp;temp;temp;-7155.346;88.801;493.451;399.179
Zinc;122.0;419.0;14.026;37;45;flu;temp;flu;temp;9903.159;35.567;-4718.867;318.85
Steel - Nickel, 60% Ni;19.0;1450.0;366.653;31;34;temp;temp;temp;flu;107.83;846.622;283.35;-4187.483
Steel - Nickel Chrome, 40% Ni, 15% Cr;11.6;1400.0;135.079;26;30;temp;temp;flu;flu;1318.485;672.366;-2763.573;-9010.245
Copper - Bronze (75% Cu, 25% Sn);26.0;950.0;886.079;31;35;flu;flu;flu;flu;-5930.961;2552.69;1455.481;-8654.901
Mercury;28.9;-39.0;-130.719;13;22;flu;flu;temp;flu;-9863.057;-5147.041;-86.602;-8492.435
Vanadium;31.3;1910.0;1105.178;13;32;temp;flu;temp;temp;1353.358;1728.473;1668.509;939.057
Steel - Chrome, 1% Cr;61.0;1480.0;492.049;23;48;temp;temp;temp;temp;669.788;1437.445;30.396;313.234
Copper - Bronze (75% Cu, 25% Sn);26.0;950.0;467.34;24;21;temp;flu;flu;temp;826.311;-6784.13;-7667.484;542.209
Steel - Nickel, 20% Ni;19.0;1450.0;516.116;6;3;temp;temp;temp;flu;433.769;891.234;469.354;-4826.006
Copper - Admiralty Brass;111.0;900.0;8.875;39;12;flu;temp;temp;flu;-7858.109;370.675;161.602;-2890.335
Selenium;0.52;221.0;-56.097;25;12;temp;flu;flu;temp;139.725;-6666.286;4430.661;210.159
Cupronickel;29.0;1200.0;1105.886;2;17;flu;temp;flu;flu;8062.416;718.527;-1537.274;-1627.253
Steel - Carbon, 0.5% C;54.0;1460.0;958.138;48;18;flu;temp;flu;temp;8190.395;-130.276;2442.717;785.282
Silicon;168.0;1414.0;415.68;17;15;flu;flu;temp;temp;8080.346;342.123;1192.693;172.542
Hafnium;23.3;2233.0;1066.205;36;39;flu;flu;flu;flu;6475.135;2793.335;2158.633;-6370.094
Rhenium;48.6;3180.0;2626.176;0;30;flu;flu;temp;temp;8544.031;-6247.317;565.434;656.397
Sodium;135.0;97.8;47.801;1;34;flu;flu;flu;temp;3571.877;5901.027;2932.963;-154.224
Copper - Admiralty Brass;111.0;900.0;693.19;15;44;flu;flu;flu;temp;2998.04;-7147.92;-1524.598;701.272
Copper - Bronze (75% Cu, 25% Sn);26.0;950.0;351.372;6;22;temp;temp;flu;flu;579.192;-161.111;4177.995;3436.707
Aluminum alloy 3003, rolled;190.0;643.0;46.678;14;42;temp;temp;temp;temp;-191.544;-189.428;439.851;356.534
Steel - Nickel, 10% Ni;26.0;1450.0;177.595;18;22;flu;temp;flu;temp;-1142.573;740.709;-6666.881;1363.546
Osmium;61.0;3033.0;752.906;20;7;temp;flu;flu;temp;143.818;2182.886;-480.802;691.664
Titanium;22.4;1668.0;-145.143;29;42;flu;flu;temp;flu;-7190.331;-6308.18;-12.337;7114.867
Plutonium;8.0;639.0;-57.148;2;25;flu;temp;temp;temp;-3765.763;445.308;181.774;80.201
Sodium;135.0;97.8;-171.924;8;1;temp;temp;temp;flu;-93.296;-78.263;-167.816;5204.181
Rhodium;151.0;1964.0;1419.026;23;8;flu;temp;temp;flu;-7022.506;1432.867;1909.996;2965.03
Steel - Carbon, 1% C;43.0;1470.0;121.635;45;45;temp;flu;temp;temp;-190.009;-8779.997;315.968;449.856
Monel;26.0;1300.0;569.089;8;10;temp;temp;flu;temp;707.939;355.049;-9022.431;625.151
Copper - Admiralty Brass;111.0;900.0;221.242;23;21;flu;flu;temp;flu;4678.123;-6540.64;638.227;-7900.378
Steel - Stainless, Type 347;14.3;1400.0;-68.238;35;42;temp;temp;temp;flu;641.793;-81.0;1136.711;-4004.731
Indium;83.7;157.0;-73.987;18;27;temp;flu;temp;flu;62.533;8053.746;25.549;6523.753
Steel - Chrome, 5% Cr;40.0;1480.0;476.358;37;39;flu;flu;flu;temp;6622.32;-601.207;-2044.648;342.373
Steel - Stainless, Type 347;14.3;1400.0;46.606;12;6;temp;temp;flu;temp;322.688;75.603;2778.191;-5.401
Copper - Brass (Yellow Brass);111.0;920.0;447.673;6;9;flu;flu;flu;temp;-9685.524;-8779.028;-605.374;275.017
Rhenium;48.6;3180.0;1647.56;45;22;temp;temp;flu;temp;1440.34;1406.11;2589.842;2546.273
Steel - Nickel Chrome, 40% Ni, 15% Cr;11.6;1400.0;502.643;12;37;temp;temp;temp;flu;734.139;126.517;95.545;-524.235
Steel - Nickel Chrome, 80% Ni, 15% Cr;17.0;1400.0;1007.377;4;21;temp;flu;temp;flu;635.6;7903.001;1011.485;-2620.008
Aluminum alloy 360;150.0;575.0;58.325;26;24;flu;temp;flu;temp;-9367.42;-163.34;4463.046;290.045
Indium;83.7;157.0;-119.213;48;48;temp;flu;flu;temp;35.053;-6504.649;751.549;74.67
Steel - Stainless, Type 347;14.3;1400.0;886.841;1;17;flu;temp;flu;temp;4665.163;1244.452;4496.93;226.414
Silicon;168.0;1414.0;1157.879;21;1;temp;flu;temp;flu;165.933;7596.353;547.986;-9142.866
Magnesium;157.0;650.0;115.199;43;49;flu;temp;flu;temp;3143.715;-32.229;2638.24;184.469
Steel - Carbon, 1% C;43.0;1470.0;787.504;16;34;temp;temp;temp;temp;22.553;347.954;720.315;672.092
Gold;318.0;1064.0;392.781;15;1;temp;flu;flu;flu;67.092;-1497.168;2879.589;7030.963
Tin;68.2;232.0;131.946;37;30;temp;flu;flu;flu;-151.909;6500.288;-6211.223;-4936.982
Steel - Chrome Nickel, 20% Cr, 15% Ni;15.1;1400.0;1002.348;26;31;flu;temp;temp;flu;-4660.875;-157.127;473.214;-1803.556
Gold;318.0;1064.0;587.172;49;4;flu;flu;flu;flu;5980.422;675.452;-9916.073;2335.388
Steel - Chrome, 10% Cr;31.0;1480.0;724.727;32;14;flu;temp;flu;temp;7767.529;359.111;-7496.184;801.978
Beryllium;218.0;1287.0;-136.1;42;49;flu;temp;temp;flu;2207.278;980.103;411.571;-3002.208
Cupronickel;29.0;1200.0;820.017;19;25;temp;temp;flu;flu;573.023;738.603;8592.303;-7609.097
Aluminum bronze;70.0;1027.0;738.65;16;47;temp;flu;flu;temp;326.937;1778.635;-3717.901;-142.875
Tungsten;182.0;3422.0;2635.637;41;4;temp;flu;flu;temp;1656.299;870.317;6916.159;1050.675
Hafnium;23.3;2233.0;76.028;3;40;temp;temp;temp;temp;1188.398;1378.253;907.649;205.76
Hafnium;23.3;2233.0;2216.396;4;46;flu;temp;temp;flu;3446.405;511.874;268.028;7058.044
Silicon;168.0;1414.0;979.371;16;40;temp;flu;temp;flu;106.809;7992.492;539.6;-8509.852
Aluminum - Duralumin;164.0;650.0;292.938;40;3;flu;flu;flu;flu;-4632.518;1651.691;-1348.963;-2608.346
Cupronickel;29.0;1200.0;-149.188;44;26;temp;flu;flu;temp;1016.088;-6822.588;7937.056;268.27
Steel - Carbon, 1% C;43.0;1470.0;220.903;42;20;temp;temp;flu;flu;264.79;563.498;-898.088;-6549.278
Tungsten;182.0;3422.0;2040.742;22;49;flu;temp;temp;flu;4874.042;764.418;2587.671;658.919
Iron;83.5;1538.0;971.557;37;31;temp;flu;flu;flu;1166.452;-9162.76;5431.456;-2492.584
Aluminum alloy 360;150.0;575.0;-58.768;40;0;flu;flu;flu;flu;9729.621;-3745.639;1148.335;-9090.795
Beryllium copper 25;80.0;870.0;729.982;34;1;flu;flu;temp;flu;7927.985;-5625.825;253.438;-3778.056
Selenium;0.52;221.0;-43.235;29;48;flu;temp;temp;flu;7730.415;108.93;138.603;4980.586
Steel - Stainless, Type 347;14.3;1400.0;710.744;0;6;flu;temp;flu;flu;6769.041;133.358;-1066.651;-35.023
Platinum;71.5;1768.0;485.013;15;15;flu;flu;temp;flu;-5944.108;9198.603;-119.474;9846.962
Inconel;15.0;1390.0;166.129;9;28;temp;temp;flu;flu;383.112;1119.577;5361.697;-6240.006
Aluminum - Silumin;164.0;577.0;1.848;14;41;temp;flu;temp;flu;-103.968;-2033.527;245.717;308.056
Monel;26.0;1300.0;120.012;35;14;flu;temp;flu;flu;-6860.898;-87.619;-3933.256;2914.182
Magnesium alloy AZ31B;100.0;620.0;-194.837;9;40;flu;flu;temp;temp;-4285.887;-8941.646;-157.034;516.352
Copper - German Silver (Maillechort);24.9;900.0;183.164;8;27;flu;flu;flu;flu;9973.041;2948.329;-6772.15;-1983.172
Copper - Constantan (60% Cu, 40% Ni);22.7;1200.0;70.04;32;5;temp;flu;temp;temp;528.284;-7340.427;714.898;94.481
Copper - German Silver (Maillechort);24.9;900.0;229.993;23;0;flu;flu;temp;flu;-6237.408;-7259.3;117.273;4945.049
Copper - Bronze (75% Cu, 25% Sn);26.0;950.0;-186.154;12;43;flu;temp;temp;flu;3211.551;932.787;780.42;6376.45
Molybdenum;139.0;2623.0;1582.097;42;46;temp;temp;temp;flu;624.252;2199.026;921.94;1371.921
Molybdenum;139.0;2623.0;-133.921;8;11;flu;temp;temp;flu;-681.001;612.609;940.542;3526.77
Aluminum - Duralumin;164.0;650.0;24.618;9;28;temp;temp;temp;temp;243.32;558.926;-59.225;-124.948
Beryllium copper 25;80.0;870.0;-103.896;15;38;temp;flu;flu;flu;290.684;5332.891;3894.249;-5526.633
Tantalum;57.4;3017.0;631.598;33;37;flu;temp;flu;temp;-4011.536;2391.562;-3397.282;108.065
Aluminum;236.0;660.0;36.991;34;19;flu;flu;temp;flu;-6484.825;-6371.946;144.073;8888.831
Manganese;7.68;1246.0;1047.769;2;18;temp;flu;temp;temp;121.979;-397.248;506.381;759.662
Steel - Carbon, 0.5% C;54.0;1460.0;519.386;20;30;flu;flu;flu;flu;-8283.849;5119.862;8564.901;9135.354
Nickel;94.0;1455.0;360.768;18;9;flu;temp;flu;flu;-9007.542;-171.88;5686.721;8593.138
Copper - Bronze (75% Cu, 25% Sn);26.0;950.0;-77.113;15;42;temp;temp;flu;temp;920.703;-168.238;-4046.655;532.679
Titanium;22.4;1668.0;507.99;37;2;temp;temp;flu;flu;1572.549;762.929;1844.684;-6442.985
Copper - Phosphor bronze;50.0;900.0;71.198;22;44;flu;flu;flu;flu;-2724.132;6494.672;8836.223;2304.425
Steel - Nickel Chrome, 80% Ni, 15% Cr;17.0;1400.0;107.913;27;48;flu;flu;flu;temp;-1227.176;1277.322;5825.217;526.225
Aluminum alloy 360;150.0;575.0;224.369;21;38;flu;flu;temp;temp;-81.371;2664.743;-144.024;-153.746
Rubidium;58.3;39.3;-102.405;24;19;flu;temp;flu;flu;-5913.696;-130.231;8301.705;-8060.499
Aluminum bronze;70.0;1027.0;986.704;24;48;temp;temp;temp;temp;-119.324;703.3;264.311;256.86
Steel - Manganese, 1% Mn;50.0;1460.0;1015.637;48;0;flu;temp;flu;temp;9051.579;12.784;-6326.798;1385.156
Hafnium;23.3;2233.0;206.571;5;33;flu;temp;temp;flu;5049.992;45.825;395.302;-2440.76
Antimony;25.5;631.0;577.712;27;38;flu;flu;temp;temp;9961.381;329.229;286.237;191.112
Potassium;104.0;63.5;-153.107;2;20;temp;flu;temp;flu;-115.136;-9599.733;-56.49;-797.697
Titanium;22.4;1668.0;955.285;26;46;temp;flu;temp;temp;518.554;8920.177;517.428;218.235
Solder 50-50;50.0;183.0;-10.226;1;13;temp;flu;flu;temp;2.012;-5434.621;-7241.326;-152.321
Cupronickel;29.0;1200.0;219.624;32;21;flu;temp;temp;temp;2905.336;274.478;548.979;-185.174
Palladium;75.5;1554.0;495.358;20;0;temp;temp;flu;temp;1084.052;1281.494;-1257.987;1380.688
Uranium;27.0;1132.0;817.8;43;49;temp;temp;temp;flu;953.629;-93.009;90.842;-771.363
Steel - Nickel Chrome, 40% Ni, 15% Cr;11.6;1400.0;1232.321;13;49;flu;flu;flu;flu;1328.292;7341.075;-7838.969;3964.381
Copper - Constantan (60% Cu, 40% Ni);22.7;1200.0;135.722;5;1;temp;flu;flu;flu;979.503;7260.967;-3543.925;-6304.329
Germanium;66.7;938.0;193.733;43;26;temp;temp;flu;flu;-190.701;778.566;-2213.728;-3449.284
Cobalt;104.0;1495.0;-65.441;11;14;temp;flu;flu;temp;276.137;-6623.57;-3188.828;815.386
Copper - Admiralty Brass;111.0;900.0;868.458;28;19;flu;flu;temp;temp;-5115.055;-1290.078;440.841;104.756
Aluminum;236.0;660.0;156.634;23;1;flu;flu;temp;temp;3667.441;-4922.844;462.102;-78.277
Nickel;94.0;1455.0;541.567;9;4;temp;temp;temp;temp;133.596;1364.601;1046.395;245.717
Steel - Nickel Chrome, 40% Ni, 15% Cr;11.6;1400.0;26.339;39;46;flu;flu;flu;flu;8285.534;-656.876;-854.681;7303.897
Magnesium alloy AZ31B;100.0;620.0;485.083;1;23;flu;temp;temp;flu;-9163.987;519.866;-42.674;-3145.739
Steel - Stainless, Type 304;14.4;1400.0;912.894;24;48;flu;flu;temp;temp;-4259.152;3479.428;34.363;358.75
Molybdenum;139.0;2623.0;2560.077;39;9;flu;flu;temp;flu;6968.938;7558.311;514.045;-8219.391
Osmium;61.0;3033.0;2759.113;2;8;temp;flu;flu;flu;885.566;3864.091;2832.271;-1103.973
Boron;31.7;2076.0;1907.743;1;16;flu;temp;temp;flu;5917.204;837.426;879.732;3993.747
Inconel;15.0;1390.0;-172.927;36;21;flu;flu;temp;flu;-9546.254;-4681.531;665.024;2956.494
Antimony;25.5;631.0;618.348;9;42;temp;flu;flu;flu;-20.152;-9458.833;4619.64;-3105.214
Copper - Admiralty Brass;111.0;900.0;78.175;23;22;temp;temp;temp;flu;-56.882;602.596;596.505;-5025.6
Copper - Aluminum Bronze (95% Cu, 5% Al);83.0;1027.0;94.771;0;23;temp;flu;flu;flu;477.746;2048.129;3298.747;-7784.189
Rhodium;151.0;1964.0;455.262;31;28;temp;flu;temp;temp;497.372;2582.772;909.8;629.961
Nickel;94.0;1455.0;749.74;39;35;flu;flu;temp;flu;5633.053;-2773.16;597.327;3282.499
Nickel;94.0;1455.0;639.107;8;21;temp;flu;flu;flu;1071.416;-3822.089;-4476.174;-7907.623
Steel - Stainless, Type 347;14.3;1400.0;1280.973;40;48;flu;temp;flu;temp;3263.627;1069.392;-4284.607;357.513
Magnesium alloy AZ31B;100.0;620.0;475.439;26;38;temp;temp;temp;temp;-45.931;140.611;606.01;414.911
Aluminum - Silumin;164.0;577.0;187.015;29;24;flu;flu;flu;flu;5994.528;-4231.629;8161.127;-5831.377
Palladium;75.5;1554.0;1047.829;30;41;flu;flu;temp;flu;-8796.455;-7489.725;467.395;-8697.125
Steel - Nickel, 10% Ni;26.0;1450.0;76.425;1;1;temp;temp;flu;flu;1216.219;1009.511;-1853.363;8648.828
Beryllium copper 25;80.0;870.0;-16.027;9;20;temp;flu;temp;temp;233.189;-6964.409;120.866;350.628
Steel - Nickel, 10% Ni;26.0;1450.0;254.784;45;31;flu;flu;flu;temp;6598.783;4320.482;5943.052;1359.434
Aluminum alloy 360;150.0;575.0;163.984;43;37;temp;flu;flu;flu;264.044;-8363.676;-3646.513;9584.125
Lead;35.5;327.0;30.365;23;10;flu;flu;flu;temp;-870.611;46.67;4458.087;180.086
Germanium;66.7;938.0;338.42;13;42;temp;flu;temp;temp;147.624;5122.908;514.689;775.377
Steel - Hastelloy B;10.0;1390.0;440.631;1;15;temp;temp;temp;flu;1080.376;621.47;941.042;-9977.654
Silver;428.0;961.0;186.861;3;8;temp;flu;flu;temp;146.126;681.232;2399.903;857.623
Steel - Chrome, 5% Cr;40.0;1480.0;928.753;31;22;flu;flu;temp;flu;-281.291;-3613.147;1030.315;-63.866
Copper - Brass (Yellow Brass);111.0;920.0;-98.957;31;46;flu;flu;flu;temp;-7466.855;-757.28;542.818;457.053
Copper - Aluminum Bronze (95% Cu, 5% Al);83.0;1027.0;50.374;26;42;temp;flu;temp;temp;616.432;6086.093;230.06;182.266
Incoloy;12.0;1390.0;1048.758;4;10;flu;flu;temp;temp;4066.007;-8572.458;-118.338;1358.96
Rubidium;58.3;39.3;-65.378;40;3;temp;flu;flu;temp;-9.541;1304.649;-2276.509;-25.369
Steel - Hastelloy C;8.7;1390.0;1291.684;37;30;temp;temp;temp;temp;479.457;697.462;1282.272;345.839
Inconel;15.0;1390.0;-149.18;0;35;temp;temp;temp;temp;-59.174;-177.34;355.811;86.547
Steel - Carbon, 1.5% C;36.0;1480.0;478.519;17;10;temp;flu;temp;temp;1163.788;1186.201;1356.182;1098.657
Hastelloy C;12.0;1390.0;85.212;46;26;flu;flu;flu;temp;-5163.543;1763.265;162.26;462.164
Aluminum alloy 2014, annealed;190.0;507.0;245.014;3;10;flu;flu;temp;temp;3230.031;1027.752;37.544;-124.418
Monel;26.0;1300.0;661.448;21;19;temp;flu;flu;flu;712.178;9028.897;-8697.391;-7477.112
Gold;318.0;1064.0;1011.804;16;11;temp;flu;temp;flu;292.551;-2078.424;40.516;-4818.894
Thorium;42.0;1750.0;1172.608;46;12;temp;temp;temp;temp;1041.893;388.051;1097.177;190.353
Copper - Phosphor bronze;50.0;900.0;342.706;15;8;flu;flu;flu;flu;8787.364;1755.907;-7201.124;-1902.165
Boron;31.7;2076.0;34.43;46;43;flu;temp;flu;temp;-537.932;1683.839;-3405.367;-4.609
Zirconium;23.2;1855.0;702.643;41;17;flu;temp;temp;temp;-7904.949;1558.807;247.517;359.607
Palladium;75.5;1554.0;15.364;33;11;temp;temp;temp;flu;-94.641;1119.729;786.754;-2645.768
Copper - Admiralty Brass;111.0;900.0;179.768;2;8;flu;temp;flu;temp;-4300.182;691.113;3110.585;50.501
Magnesium alloy AZ31B;100.0;620.0;-44.926;27;9;temp;temp;temp;temp;95.704;485.451;505.66;-142.287
Steel - Carbon, 0.5% C;54.0;1460.0;794.491;32;7;flu;flu;flu;temp;-5236.696;-9316.123;-9986.148;952.496
Monel;26.0;1300.0;173.589;4;24;flu;flu;flu;flu;8462.176;-4962.013;2151.596;849.162
Steel - Chrome, 1% Cr;61.0;1480.0;786.537;32;16;flu;temp;flu;temp;8569.187;341.572;-2648.932;553.368
Steel - Carbon, 1% C;43.0;1470.0;1276.892;12;48;temp;temp;flu;flu;1038.549;-146.812;3124.868;-9913.861
Uranium;27.0;1132.0;483.833;10;15;temp;temp;temp;temp;150.104;493.418;922.747;-152.993
Zinc;122.0;419.0;200.423;10;28;flu;flu;flu;flu;-145.06;-8063.636;-1991.953;1063.027
Copper - Constantan (60% Cu, 40% Ni);22.7;1200.0;970.947;30;37;temp;temp;flu;temp;448.232;1170.713;-772.274;-153.723
Beryllium;218.0;1287.0;798.483;42;18;temp;temp;flu;temp;321.47;559.216;2730.881;254.019
Monel;26.0;1300.0;212.062;12;21;flu;temp;flu;temp;1669.046;275.05;-5369.036;459.045
Rhenium;48.6;3180.0;2423.413;34;46;flu;flu;temp;flu;4715.229;-3921.075;1606.104;7662.734
Germanium;66.7;938.0;81.328;46;10;temp;temp;temp;temp;919.397;501.081;-70.163;190.85
Plutonium;8.0;639.0;-119.153;10;8;flu;temp;temp;flu;4593.124;422.488;108.681;3111.778
Hastelloy C;12.0;1390.0;990.471;17;0;temp;flu;flu;flu;-128.891;-6075.902;-7190.523;-2610.585
Cadmium;97.5;321.0;58.872;17;4;flu;flu;flu;flu;-1248.851;-7680.435;-4749.49;-2540.964
Vanadium;31.3;1910.0;1025.289;27;31;flu;temp;temp;temp;9129.807;1406.159;1561.119;1118.735
Aluminum;236.0;660.0;-23.073;24;44;flu;temp;temp;flu;1782.895;-179.773;362.331;-488.693
Steel - Hastelloy C;8.7;1390.0;609.452;21;48;flu;temp;temp;flu;-8826.745;1133.342;-104.923;9051.234
Rhenium;48.6;3180.0;3090.567;37;14;temp;temp;flu;temp;2104.03;1929.343;4826.977;50.878
Platinum;71.5;1768.0;1248.142;28;44;flu;temp;flu;temp;-1159.365;1743.491;-5115.116;138.365
Tungsten;182.0;3422.0;265.259;17;31;flu;temp;flu;flu;9763.417;3238.135;-4298.622;9206.978
Steel - Carbon, 1.5% C;36.0;1480.0;392.183;27;18;temp;flu;flu;flu;725.85;8888.784;-4499.259;2505.254
Cadmium;97.5;321.0;308.674;40;44;temp;flu;temp;flu;-88.31;4083.184;-36.631;-4790.673
Copper - Red Brass;61.0;920.0;675.381;40;14;flu;flu;flu;temp;131.971;-9928.241;-5260.858;787.156
Niobium;53.3;2477.0;1682.865;42;33;temp;temp;temp;temp;1632.104;1615.347;988.289;687.255
Tungsten;182.0;3422.0;896.199;33;27;flu;flu;temp;temp;4364.402;-8107.456;3129.708;-23.348
Copper - Constantan (60% Cu, 40% Ni);22.7;1200.0;811.78;18;23;temp;temp;flu;flu;44.635;415.325;8398.085;6910.617
Germanium;66.7;938.0;651.214;5;42;flu;flu;temp;temp;7387.11;-7404.637;75.725;148.228
Aluminum bronze;70.0;1027.0;3.759;33;43;temp;temp;flu;temp;317.839;449.573;9222.765;-157.443
Copper - German Silver (Maillechort);24.9;900.0;602.485;6;43;flu;flu;temp;flu;-2288.717;-5428.143;445.534;667.628
Uranium;27.0;1132.0;287.387;39;7;flu;flu;temp;temp;-228.79;-4675.83;717.293;1070.299
Copper - Constantan (60% Cu, 40% Ni);22.7;1200.0;740.36;48;49;flu;flu;temp;flu;-5413.384;1198.702;-40.382;-6157.939
Steel - Stainless, Type 304;14.4;1400.0;-23.793;45;3;temp;temp;temp;flu;-49.863;1056.24;1222.063;9518.454
Tungsten;182.0;3422.0;1981.726;45;8;flu;temp;flu;flu;2557.639;-44.5;-43.467;7971.72
Aluminum alloy 2014, annealed;190.0;507.0;-20.733;4;14;flu;temp;temp;flu;-4483.676;160.539;340.738;4538.042
Steel - Chrome, 5% Cr;40.0;1480.0;1450.49;49;12;temp;temp;flu;flu;76.18;1411.122;9167.777;5833.027
Hafnium;23.3;2233.0;963.082;27;46;temp;flu;flu;temp;428.119;-8745.986;-1782.89;268.098
Boron;31.7;2076.0;1349.413;40;1;temp;flu;flu;temp;749.051;-7414.654;-6395.456;1807.941
Steel - Stainless, Type 304;14.4;1400.0;1046.895;33;16;flu;flu;temp;temp;-4331.428;-8032.353;1112.218;832.638
Manganese;7.68;1246.0;169.094;2;27;flu;temp;temp;temp;-7017.587;99.016;89.246;609.379
Magnesium alloy AZ31B;100.0;620.0;339.75;28;45;temp;flu;temp;flu;-66.089;-3237.352;65.629;-8440.879
Rhodium;151.0;1964.0;762.046;19;30;flu;flu;temp;flu;3242.999;4847.092;855.919;-4356.511
Lithium;79.2;180.0;-179.378;37;20;flu;flu;flu;flu;3417.132;-3469.982;-5235.984;-8256.267
Cupronickel;29.0;1200.0;388.943;25;25;flu;temp;flu;flu;-8295.068;1076.356;-9697.324;6746.647
Beryllium copper 25;80.0;870.0;850.379;29;43;temp;temp;flu;flu;237.781;295.766;6473.053;-2755.651
Potassium;104.0;63.5;-51.979;13;7;flu;flu;flu;flu;-1237.251;8821.164;-1097.763;-6590.801
Copper - Admiralty Brass;111.0;900.0;-127.236;0;24;flu;temp;flu;flu;6858.059;817.461;6966.699;-9877.112
Lead;35.5;327.0;-89.124;25;46;flu;temp;temp;flu;-8144.787;65.83;-101.222;-4596.492
Aluminum alloy 3003, rolled;190.0;643.0;620.678;9;3;temp;temp;temp;temp;-9.717;212.486;-138.718;242.92
Rhenium;48.6;3180.0;3123.68;2;47;flu;temp;temp;flu;7412.878;3116.332;3099.711;-6355.514
Copper;401.0;1085.0;479.03;18;0;flu;temp;flu;temp;-4542.36;166.22;-9407.966;520.867
Zinc;122.0;419.0;-57.109;30;7;temp;flu;temp;temp;-184.295;-5450.949;71.16;314.506
Rubidium;58.3;39.3;-44.187;27;42;flu;temp;temp;flu;-9546.323;-9.212;-131.755;4089.208
Sodium;135.0;97.8;-144.531;22;25;flu;temp;temp;flu;-3455.909;67.857;54.862;-1029.161
Plutonium;8.0;639.0;-141.217;36;10;temp;flu;temp;temp;187.839;5654.213;-153.101;481.537
Palladium;75.5;1554.0;432.141;16;40;flu;temp;temp;flu;-1043.489;748.685;535.852;6871.699
Beryllium copper 25;80.0;870.0;701.063;8;47;temp;flu;flu;temp;-71.699;6428.624;-8148.539;544.545
Copper - Aluminum Bronze (95% Cu, 5% Al);83.0;1027.0;842.183;2;49;flu;temp;temp;flu;9873.191;776.119;255.638;-5136.126
Steel - Nickel, 60% Ni;19.0;1450.0;726.701;24;3;temp;flu;temp;flu;-102.077;-1842.632;1246.167;-3560.561
Rhenium;48.6;3180.0;-157.814;16;20;flu;temp;flu;flu;-6596.896;-101.915;-9683.43;-6816.359
Cesium;36.1;28.5;-159.066;22;4;flu;temp;flu;temp;2710.48;-127.815;-3102.478;-126.524
Molybdenum;139.0;2623.0;1617.003;8;45;temp;temp;temp;temp;-130.543;602.832;1800.654;2418.667
Steel - Stainless, Type 347;14.3;1400.0;-164.33;5;0;temp;flu;temp;temp;855.385;1310.782;648.222;1261.942
Steel - Carbon, 0.5% C;54.0;1460.0;670.278;45;1;temp;flu;temp;temp;31.082;-5867.777;1136.548;554.611
Nickel;94.0;1455.0;1139.026;6;22;flu;temp;flu;temp;3726.357;480.755;-6911.48;1375.605
Platinum;71.5;1768.0;424.672;28;48;flu;temp;flu;temp;8663.874;-154.529;8523.941;725.973
Copper - Brass (Yellow Brass);111.0;920.0;21.417;43;13;flu;flu;temp;temp;3385.592;9749.772;219.285;108.03
Copper - Aluminum Bronze (95% Cu, 5% Al);83.0;1027.0;977.082;43;26;flu;flu;temp;flu;9821.532;8407.82;12.542;2407.657
Steel - Carbon, 1% C;43.0;1470.0;247.445;0;33;temp;temp;temp;flu;1295.262;561.236;1198.187;9600.564
Sodium;135.0;97.8;83.069;25;19;temp;temp;temp;temp;-56.015;56.724;-167.008;-58.164
Steel - Nickel, 60% Ni;19.0;1450.0;588.336;4;31;flu;flu;flu;flu;9567.684;8788.885;-7177.665;1985.788
Steel - Stainless, Type 347;14.3;1400.0;864.221;7;4;flu;flu;temp;temp;7506.435;5388.601;836.925;461.409
Steel - Nickel, 40% Ni;10.0;1450.0;1234.867;48;25;temp;temp;temp;flu;-33.744;1144.96;869.503;-2113.025
Osmium;61.0;3033.0;1550.051;21;17;temp;flu;temp;flu;1550.568;2620.437;1505.494;-7611.195
Chromium;94.8;1907.0;1363.238;10;5;flu;flu;flu;flu;2062.418;-4618.994;8552.406;6157.412
Copper - Constantan (60% Cu, 40% Ni);22.7;1200.0;461.435;2;17;flu;temp;flu;temp;657.005;1154.856;38.691;745.978
Cadmium;97.5;321.0;-39.522;19;33;temp;flu;temp;flu;264.579;5009.031;56.088;6876.389
Beryllium;218.0;1287.0;659.229;26;43;flu;flu;flu;temp;-5981.808;7378.445;4262.108;426.388
Magnesium;157.0;650.0;17.455;48;13;temp;temp;flu;temp;376.863;634.187;9457.536;307.744
Copper - Constantan (60% Cu, 40% Ni);22.7;1200.0;486.574;33;44;temp;temp;flu;flu;714.38;-152.883;7348.368;-2917.37
Steel - Hastelloy C;8.7;1390.0;183.518;8;35;flu;flu;flu;temp;-1871.258;9704.285;8446.827;965.462
Sodium;135.0;97.8;-24.837;19;6;flu;flu;temp;temp;5735.937;-7872.988;-52.026;32.204
Tungsten;182.0;3422.0;615.026;1;9;temp;temp;flu;flu;2029.004;2178.794;6642.394;-9142.058
Aluminum alloy 360;150.0;575.0;423.105;43;34;flu;flu;temp;temp;-8008.809;8249.647;203.908;491.228
Silver;428.0;961.0;438.461;47;44;flu;flu;temp;temp;4411.323;3650.066;869.817;267.712
Aluminum alloy 3003, rolled;190.0;643.0;156.841;12;28;temp;temp;temp;flu;252.404;25.569;175.242;6477.495
Steel - Nickel, 20% Ni;19.0;1450.0;379.109;26;47;flu;flu;flu;flu;-8804.598;9029.675;-7269.286;-5973.281
Steel - Nickel, 60% Ni;19.0;1450.0;239.704;1;1;flu;flu;temp;temp;-5810.898;-5372.932;1262.65;221.87
Iridium;148.0;2446.0;818.174;11;38;temp;flu;temp;temp;753.46;2048.246;1974.383;761.379
Molybdenum;139.0;2623.0;2014.787;33;9;temp;temp;flu;temp;492.372;2449.897;-3234.749;531.55
Aluminum - Silumin;164.0;577.0;359.65;25;40;flu;temp;temp;temp;9682.947;359.488;-182.105;546.727
Plutonium;8.0;639.0;-90.342;15;27;flu;flu;flu;temp;-5671.028;9684.028;1335.058;361.257
Steel - Tungsten, 1% W;66.0;1450.0;1218.859;42;15;flu;flu;temp;temp;-741.686;6635.237;9.534;458.579
Steel - Tungsten, 1% W;66.0;1450.0;621.736;13;2;flu;flu;flu;temp;-6747.537;-8282.914;2210.188;101.591
Steel - Manganese, 1% Mn;50.0;1460.0;230.746;32;2;temp;temp;flu;flu;869.439;487.815;-1708.659;3343.692
Copper - Phosphor bronze;50.0;900.0;72.768;5;1;temp;temp;temp;temp;-64.387;448.454;679.514;666.85
Beryllium;218.0;1287.0;367.937;39;19;flu;flu;flu;temp;8205.862;7471.724;-24.852;249.686
Silver;428.0;961.0;506.4;8;8;flu;temp;temp;flu;-4491.745;144.212;112.933;2077.89
Steel - Hastelloy C;8.7;1390.0;1218.189;37;27;flu;flu;temp;temp;-9488.044;6875.473;167.159;35.485
Steel - Carbon, 1% C;43.0;1470.0;-113.002;23;9;temp;flu;temp;temp;512.364;-3534.136;64.444;875.848
Chromium;94.8;1907.0;1391.363;29;41;temp;flu;temp;flu;1743.705;-1715.593;675.129;-8619.361
Copper - Brass (Yellow Brass);111.0;920.0;284.54;20;41;flu;temp;flu;flu;-7817.146;909.447;4466.898;9533.975
Steel - Nickel, 40% Ni;10.0;1450.0;-100.334;28;21;flu;temp;temp;temp;-3668.32;1307.959;-150.384;288.264
Steel - Stainless, Type 304;14.4;1400.0;357.113;26;0;temp;temp;temp;flu;707.034;-179.309;703.444;-52.989
Copper - Phosphor bronze;50.0;900.0;-86.719;37;21;flu;temp;temp;temp;-8287.509;325.296;73.19;262.09
Monel;26.0;1300.0;468.647;47;25;temp;flu;temp;flu;657.391;-1169.488;539.557;-5337.286
Niobium;53.3;2477.0;981.41;30;19;temp;flu;flu;flu;641.004;8261.054;194.964;-5212.116
Lead;35.5;327.0;8.162;49;42;temp;flu;temp;temp;70.146;-7930.975;-18.217;248.865
Vanadium;31.3;1910.0;476.249;36;49;flu;temp;flu;flu;329.772;652.392;7318.352;-1049.836
Rubidium;58.3;39.3;-72.87;11;47;temp;temp;flu;flu;-73.594;-169.585;7347.758;7385.24
Aluminum;236.0;660.0;-183.834;9;4;temp;temp;flu;flu;-60.063;590.081;-60.216;-6077.227
Steel - Hastelloy B;10.0;1390.0;1135.412;41;18;flu;flu;flu;temp;-3882.835;-6342.079;7695.23;1365.705
Antimony;25.5;631.0;-46.325;34;24;temp;flu;temp;flu;288.786;8967.92;-111.157;9852.246
Bismuth;8.2;271.0;189.342;38;36;temp;temp;flu;flu;215.687;177.467;-5901.045;7325.489
Platinum;71.5;1768.0;733.683;23;7;flu;temp;temp;temp;-9962.203;1333.093;1473.352;-9.063
Beryllium;218.0;1287.0;469.978;39;39;flu;flu;temp;temp;-349.218;334.951;1251.474;736.941
Incoloy;12.0;1390.0;207.637;23;10;flu;flu;flu;flu;8047.558;9258.973;5730.557;7564.661
Copper - Phosphor bronze;50.0;900.0;450.024;45;2;flu;flu;temp;temp;-1627.032;6999.053;882.79;862.531
Aluminum alloy 360;150.0;575.0;213.718;8;41;temp;flu;temp;flu;195.687;8010.923;182.275;-6386.592
Aluminum bronze;70.0;1027.0;350.448;30;45;temp;flu;temp;temp;157.823;-7194.395;158.741;410.76
Monel;26.0;1300.0;348.461;34;2;temp;temp;temp;temp;764.054;565.069;578.213;-154.95
Steel - Hastelloy B;10.0;1390.0;1233.745;34;35;temp;flu;temp;flu;201.648;-9108.673;1166.184;6938.31
Magnesium alloy AZ31B;100.0;620.0;513.846;7;15;temp;flu;temp;flu;227.924;78.334;-182.455;9642.404
Zirconium;23.2;1855.0;398.197;17;43;temp;flu;flu;flu;48.625;3323.703;-7917.825;-4307.246
Cobalt;104.0;1495.0;832.602;27;24;flu;temp;temp;flu;-2391.181;-79.725;448.789;-7400.276
Mercury;28.9;-39.0;-78.339;3;38;temp;temp;temp;temp;-81.278;-159.783;-141.093;-84.277
Bismuth;8.2;271.0;219.67;37;49;temp;temp;temp;temp;-163.86;-46.444;129.548;24.717
Steel - Nickel Chrome, 40% Ni, 15% Cr;11.6;1400.0;65.525;12;17;flu;temp;temp;flu;7523.437;-107.82;783.65;1183.075
Chromium;94.8;1907.0;1044.558;20;10;temp;temp;temp;temp;694.325;1348.652;1222.823;-79.511
Rhodium;151.0;1964.0;1442.921;3;0;temp;temp;temp;flu;1839.458;338.867;12.506;-7867.498
Copper - Aluminum Bronze (95% Cu, 5% Al);83.0;1027.0;729.282;3;17;temp;flu;flu;flu;579.083;-6618.535;-8007.645;2113.061
Lithium;79.2;180.0;-81.667;26;42;temp;flu;temp;temp;-104.983;6525.939;-7.842;77.282
Steel - Hastelloy C;8.7;1390.0;925.406;14;30;flu;temp;flu;flu;7086.971;939.513;-2292.375;8847.265
Iridium;148.0;2446.0;2331.199;17;12;temp;flu;flu;temp;644.337;-6306.019;3482.818;2144.815
Potassium;104.0;63.5;-88.34;5;19;temp;temp;flu;flu;-57.606;-78.694;-8921.577;2731.129
Bismuth;8.2;271.0;-126.292;35;30;temp;temp;flu;temp;148.847;-129.114;576.07;-83.745
Steel - Nickel, 10% Ni;26.0;1450.0;171.914;44;44;temp;flu;flu;temp;391.402;-8959.111;2753.195;1103.147
Aluminum - Silumin;164.0;577.0;202.88;11;16;flu;flu;temp;flu;5866.924;9766.881;111.079;5914.068
Aluminum alloy 360;150.0;575.0;181.556;49;6;temp;flu;temp;flu;-189.3;4415.351;-88.267;4861.749
Steel - Nickel, 40% Ni;10.0;1450.0;580.27;12;3;flu;temp;flu;flu;3898.774;941.138;-5933.492;2902.976
Bismuth;8.2;271.0;161.558;48;15;temp;flu;temp;temp;106.279;-834.732;-11.366;29.232
Steel - Nickel, 10% Ni;26.0;1450.0;1346.336;32;36;temp;temp;flu;temp;1067.374;-76.687;4725.56;1390.381
Copper - German Silver (Maillechort);24.9;900.0;841.267;36;46;temp;temp;temp;temp;866.657;844.897;596.367;537.999
Aluminum - Silumin;164.0;577.0;369.597;38;43;temp;flu;temp;temp;351.985;5665.641;377.734;249.652
Silver;428.0;961.0;633.916;46;3;temp;temp;flu;flu;-144.934;416.707;-836.109;2350.04
Palladium;75.5;1554.0;1088.189;7;49;flu;flu;flu;flu;4786.834;9245.119;-2149.777;-975.403
Monel;26.0;1300.0;95.675;31;27;flu;temp;temp;temp;-5975.22;908.957;984.492;1215.754
Manganese;7.68;1246.0;1192.805;26;47;temp;temp;flu;temp;359.495;406.627;1881.53;518.812
Steel - Nickel, 20% Ni;19.0;1450.0;938.215;6;38;temp;temp;flu;temp;1374.913;670.791;-6538.941;1176.611
Steel - Nickel Chrome, 40% Ni, 15% Cr;11.6;1400.0;1066.872;1;33;flu;temp;temp;temp;7970.599;193.502;534.174;848.43
Silver;428.0;961.0;644.574;19;24;flu;flu;temp;flu;2321.127;7717.279;318.731;-9217.305
Steel - Nickel, 60% Ni;19.0;1450.0;726.71;38;16;flu;flu;temp;temp;-6567.832;3983.545;1230.634;321.368
Lithium;79.2;180.0;-127.466;23;5;flu;flu;flu;temp;-3105.311;-5577.857;-1043.631;-44.008
Copper - Phosphor bronze;50.0;900.0;275.669;21;42;temp;flu;temp;temp;576.442;-2637.275;678.02;859.778
Molybdenum;139.0;2623.0;723.652;35;48;temp;temp;temp;flu;1844.505;1051.81;2229.682;9400.261
Copper - German Silver (Maillechort);24.9;900.0;17.617;38;6;flu;flu;temp;flu;-2044.006;3557.645;-164.944;9894.801
Hafnium;23.3;2233.0;943.855;38;7;temp;temp;temp;temp;1322.42;402.397;1428.599;3.827
Inconel;15.0;1390.0;1269.953;0;14;flu;flu;flu;flu;-8907.573;5553.264;9735.068;-162.634
Steel - Stainless, Type 304;14.4;1400.0;1265.505;14;4;temp;flu;temp;flu;-142.559;2618.269;972.821;7239.455
Steel - Nickel, 20% Ni;19.0;1450.0;-182.792;49;25;flu;temp;flu;flu;9739.361;1165.725;-5343.758;-5533.859
Iron;83.5;1538.0;3.79;36;24;temp;flu;temp;temp;970.664;-8776.888;180.359;659.247
Manganese;7.68;1246.0;-81.892;8;26;temp;temp;flu;temp;898.124;-168.986;4356.319;-29.309
Aluminum bronze;70.0;1027.0;185.701;11;20;flu;flu;flu;temp;-4434.356;-7711.052;-7985.075;105.475
Cesium;36.1;28.5;-101.006;44;32;flu;temp;flu;flu;2272.17;-169.613;-7954.807;2947.241
Potassium;104.0;63.5;-36.275;10;2;flu;flu;temp;flu;5973.185;-1776.545;-115.594;3186.599
Magnesium alloy AZ31B;100.0;620.0;608.742;18;23;flu;flu;temp;flu;1468.956;-4395.841;-77.89;-2657.297
Copper - Brass (Yellow Brass);111.0;920.0;307.119;37;30;flu;flu;flu;temp;1907.793;9609.527;-8729.514;245.264
Cobalt;104.0;1495.0;925.032;33;29;temp;temp;temp;temp;1139.731;405.285;911.571;-6.449
Rhodium;151.0;1964.0;1110.481;45;15;temp;temp;temp;temp;1106.398;1270.929;183.458;1952.369
Cadmium;97.5;321.0;208.484;47;19;temp;flu;flu;flu;-73.831;1607.269;-2560.726;-9602.687
Steel - Nickel Chrome, 80% Ni, 15% Cr;17.0;1400.0;1326.163;38;12;flu;flu;temp;flu;-7708.959;-2815.999;887.315;-2050.664
Tin;68.2;232.0;-185.294;44;29;temp;temp;flu;flu;-158.69;98.335;5069.332;6173.284
Copper - German Silver (Maillechort);24.9;900.0;808.288;41;27;flu;flu;temp;flu;1991.847;-9658.278;-13.628;6481.334
Iron;83.5;1538.0;1295.609;42;46;flu;flu;flu;flu;1016.784;-8930.573;-1148.317;8210.987
Lead;35.5;327.0;-186.827;29;3;flu;flu;flu;temp;-1960.072;5329.29;739.939;6.819
Boron;31.7;2076.0;859.323;41;46;flu;flu;flu;temp;4260.718;3204.687;7119.664;729.022
Steel - Nickel Chrome, 80% Ni, 15% Cr;17.0;1400.0;535.429;40;18;flu;temp;temp;flu;-4395.603;1043.064;1264.03;1130.135
Steel - Nickel Chrome, 80% Ni, 15% Cr;17.0;1400.0;25.775;17;8;temp;flu;temp;flu;442.07;-2450.514;765.432;2742.843
Aluminum alloy 360;150.0;575.0;-149.696;15;25;temp;flu;temp;flu;-108.77;-1290.617;-182.552;4297.524
Beryllium copper 25;80.0;870.0;719.429;25;31;temp;flu;temp;flu;315.59;1865.735;766.262;5494.494
Indium;83.7;157.0;-157.247;32;6;flu;temp;temp;temp;-8279.878;127.164;-105.975;-59.213
Osmium;61.0;3033.0;2947.047;8;39;flu;flu;temp;flu;-4233.443;-4684.581;1407.302;-1325.423
Selenium;0.52;221.0;-10.316;42;30;temp;temp;flu;temp;-34.891;-162.813;-3041.985;124.356
Steel - Chrome Nickel, 20% Cr, 15% Ni;15.1;1400.0;240.782;21;18;flu;temp;flu;flu;-8945.419;75.701;-923.97;-6629.914
Aluminum bronze;70.0;1027.0;1007.653;3;45;temp;flu;temp;flu;936.863;-9498.241;859.213;-3290.015
Tantalum;57.4;3017.0;1194.952;20;32;temp;temp;temp;flu;1347.689;848.469;2568.819;7830.585
Indium;83.7;157.0;-60.629;34;28;temp;flu;flu;flu;-15.37;-2233.887;6147.418;-6008.474
Gold;318.0;1064.0;655.966;18;44;flu;temp;flu;flu;-9958.014;808.378;8052.249;9269.494
Chromium;94.8;1907.0;258.586;6;31;temp;temp;temp;temp;540.147;1831.364;1531.368;1443.324
Thorium;42.0;1750.0;1664.63;14;29;flu;temp;flu;temp;-1120.001;1084.434;7287.109;1676.669
Steel - Chrome Nickel, 15% Cr, 10% Ni;19.0;1400.0;77.292;42;19;temp;flu;temp;temp;948.686;-1476.532;-132.716;-13.349
Antimony;25.5;631.0;415.536;3;46;flu;flu;flu;flu;945.826;-5837.879;6312.396;-8425.709
Steel - Chrome, 10% Cr;31.0;1480.0;973.085;16;49;flu;temp;temp;temp;-8281.808;846.284;1105.944;1227.515
Steel - Carbon, 0.5% C;54.0;1460.0;1286.859;11;48;flu;flu;flu;temp;-27.114;3890.261;3836.099;1424.968
Incoloy;12.0;1390.0;508.202;23;26;temp;flu;temp;flu;704.218;9927.173;145.239;-2609.957
Steel - Carbon, 0.5% C;54.0;1460.0;-81.089;48;48;temp;flu;flu;flu;24.442;1163.684;-6868.488;5030.386
Platinum;71.5;1768.0;1577.033;11;5;temp;temp;flu;temp;110.604;158.788;8763.418;711.14
Rhodium;151.0;1964.0;715.329;17;43;temp;temp;flu;flu;1712.532;102.942;-5059.61;-6703.748
Copper - Admiralty Brass;111.0;900.0;421.231;28;8;temp;flu;temp;temp;-136.548;8744.686;888.529;-94.663
Hastelloy C;12.0;1390.0;645.458;24;24;temp;flu;temp;temp;368.33;5807.158;320.195;52.252
Zirconium;23.2;1855.0;-174.279;49;14;flu;temp;flu;temp;-2885.544;1488.633;7464.351;-112.309
Aluminum alloy 2014, annealed;190.0;507.0;291.899;28;46;flu;temp;flu;temp;6058.37;406.316;-2216.272;104.57
Steel - Nickel, 40% Ni;10.0;1450.0;610.357;24;34;flu;temp;temp;flu;-6997.34;323.412;584.099;4872.677
Plutonium;8.0;639.0;515.003;6;33;flu;flu;flu;flu;856.096;9789.597;-7188.963;-5156.686
Copper - Aluminum Bronze (95% Cu, 5% Al);83.0;1027.0;898.513;16;24;temp;temp;flu;temp;798.744;-58.227;4488.218;304.204
Steel - Hastelloy B;10.0;1390.0;61.472;4;4;flu;flu;temp;temp;-7327.077;-4686.164;1155.427;581.67
Copper - Aluminum Bronze (95% Cu, 5% Al);83.0;1027.0;607.827;23;18;temp;temp;temp;temp;499.063;116.346;141.056;351.389
Copper - Phosphor bronze;50.0;900.0;442.272;45;30;flu;flu;flu;flu;1008.579;4620.453;4569.683;-9807.039
Steel - Manganese, 1% Mn;50.0;1460.0;700.557;48;24;temp;flu;flu;temp;-98.775;9091.881;4333.391;783.846
Rubidium;58.3;39.3;-26.449;14;48;flu;temp;temp;temp;-7383.722;-50.741;-70.606;-3.388
Hastelloy C;12.0;1390.0;691.362;30;10;flu;temp;flu;flu;-6211.803;-157.167;6286.406;-2101.936
Chromium;94.8;1907.0;1581.27;21;29;temp;temp;flu;flu;257.003;1009.755;2472.885;-1181.855
Steel - Nickel, 10% Ni;26.0;1450.0;130.459;12;36;flu;flu;temp;flu;-7880.08;3685.371;257.112;-4912.265
Copper - Aluminum Bronze (95% Cu, 5% Al);83.0;1027.0;-146.281;12;11;flu;flu;temp;flu;3824.554;-5561.388;-53.606;-3729.934
Antimony;25.5;631.0;-180.236;44;0;temp;temp;temp;flu;433.965;185.124;-107.713;7300.749
Steel - Hastelloy B;10.0;1390.0;-118.617;38;20;temp;temp;temp;flu;1257.887;326.999;781.871;-3945.584
Manganese;7.68;1246.0;206.911;19;38;flu;temp;flu;flu;5365.533;1020.041;-6747.081;-2339.755
Copper - Brass (Yellow Brass);111.0;920.0;121.799;28;25;temp;temp;temp;temp;47.344;-127.096;753.733;-53.856
Copper - Brass (Yellow Brass);111.0;920.0;117.589;11;46;flu;flu;temp;temp;7439.537;5319.493;241.456;-150.774
Lead;35.5;327.0;-148.735;22;27;flu;temp;temp;flu;8287.727;86.696;152.346;-1638.441
Aluminum - Silumin;164.0;577.0;560.719;47;22;flu;flu;flu;temp;-3577.298;-5179.695;-9592.559;402.615
Aluminum alloy 360;150.0;575.0;418.489;37;24;temp;temp;temp;flu;-187.13;322.295;207.621;-4480.747
Sodium;135.0;97.8;-80.749;9;49;temp;temp;temp;flu;-121.126;-82.387;29.612;1097.44
Aluminum;236.0;660.0;80.154;15;9;temp;temp;temp;temp;602.439;334.144;622.933;-146.391
Steel - Chrome Nickel, 15% Cr, 10% Ni;19.0;1400.0;440.291;22;47;flu;temp;temp;temp;-2438.999;489.855;1040.964;1149.166
Steel - Nickel, 40% Ni;10.0;1450.0;679.96;28;47;temp;temp;temp;temp;-9.455;307.523;385.61;1079.621
Thorium;42.0;1750.0;159.622;35;8;temp;flu;flu;temp;193.967;-9494.477;9404.909;1617.929
Aluminum alloy 360;150.0;575.0;480.313;4;45;flu;flu;flu;temp;1020.585;891.686;4034.633;-29.269
Steel - Chrome, 10% Cr;31.0;1480.0;295.556;24;31;flu;temp;flu;temp;-246.996;126.692;6587.598;835.303
Incoloy;12.0;1390.0;354.367;16;19;flu;temp;flu;flu;-4710.466;507.43;-861.774;6484.743
Hastelloy C;12.0;1390.0;1272.049;8;10;temp;flu;temp;temp;1191.62;-5053.608;1264.03;1035.077
Copper - Brass (Yellow Brass);111.0;920.0;37.452;22;4;flu;temp;temp;temp;-2986.928;742.348;716.924;814.372
Beryllium;218.0;1287.0;402.096;35;34;temp;flu;flu;temp;230.123;1318.08;5629.989;1190.8
Steel - Chrome Nickel, 20% Cr, 15% Ni;15.1;1400.0;547.641;21;28;flu;temp;temp;flu;-6672.856;1351.347;658.94;4289.947
Zinc;122.0;419.0;-165.569;34;47;temp;temp;temp;temp;27.907;-58.299;-184.332;180.044
Monel;26.0;1300.0;608.346;37;41;temp;temp;flu;flu;921.716;719.716;9032.398;4005.383
Beryllium;218.0;1287.0;1218.012;44;44;temp;flu;flu;flu;695.281;-810.465;-7106.787;-1571.391
Germanium;66.7;938.0;643.62;25;4;temp;flu;flu;temp;-77.022;-7626.019;1088.884;774.711
Niobium;53.3;2477.0;1036.591;13;16;temp;temp;flu;flu;563.254;321.198;9352.654;3962.22
Tantalum;57.4;3017.0;1918.977;43;15;flu;flu;temp;flu;-4221.958;-2331.297;544.122;-2562.1
Iron;83.5;1538.0;386.937;26;16;flu;temp;temp;flu;-3644.982;1494.232;1132.502;7806.292
Steel - Hastelloy C;8.7;1390.0;-103.066;11;39;temp;temp;flu;temp;681.663;505.268;-8707.788;850.471
Steel - Chrome, 1% Cr;61.0;1480.0;1382.028;43;37;flu;temp;temp;flu;-68.015;192.749;1231.439;3614.082
Tin;68.2;232.0;-117.865;45;25;temp;flu;temp;flu;19.765;-2471.713;170.468;-7854.641
Steel - Chrome Nickel, 20% Cr, 15% Ni;15.1;1400.0;495.847;10;43;temp;flu;temp;temp;1135.99;8064.309;295.303;785.376
Molybdenum;139.0;2623.0;526.975;26;35;temp;flu;flu;flu;1298.291;2904.244;5787.521;-153.683
Nickel;94.0;1455.0;821.501;44;46;flu;flu;flu;temp;-2980.3;7653.69;4753.808;1242.919
Selenium;0.52;221.0;-10.348;31;19;flu;flu;temp;temp;6216.031;9525.567;-74.71;16.353
Cesium;36.1;28.5;-184.838;27;13;flu;temp;flu;temp;-3282.865;-9.064;5551.473;-135.117
Steel - Stainless, Type 304;14.4;1400.0;378.227;44;30;temp;flu;temp;temp;715.835;1527.792;864.203;43.726
Steel - Chrome, 5% Cr;40.0;1480.0;282.781;28;6;flu;temp;temp;flu;6693.689;308.716;309.096;7090.449
Rhodium;151.0;1964.0;1673.495;11;31;temp;flu;temp;flu;1098.321;-7638.48;-102.236;7192.622
Cesium;36.1;28.5;-2.258;12;27;temp;temp;flu;flu;-103.504;-25.385;7489.165;-3601.323
Thorium;42.0;1750.0;332.338;49;27;flu;flu;flu;flu;1958.402;-622.81;-391.414;1640.085
Monel;26.0;1300.0;136.769;40;6;temp;temp;temp;flu;138.875;368.872;1003.747;6682.319
Steel - Hastelloy B;10.0;1390.0;827.59;0;42;temp;temp;temp;temp;668.699;1187.571;-135.37;1054.377
Steel - Carbon, 1.5% C;36.0;1480.0;463.707;31;49;temp;flu;temp;flu;1308.614;-8859.789;1074.844;3387.103
Steel - Nickel, 10% Ni;26.0;1450.0;731.155;29;35;flu;flu;temp;temp;9079.611;-8198.152;-192.359;767.37
Rhodium;151.0;1964.0;1740.609;13;21;temp;flu;flu;temp;491.027;8222.027;-7233.507;1346.165
Steel - Chrome Nickel, 15% Cr, 10% Ni;19.0;1400.0;94.041;40;14;temp;flu;temp;flu;1050.386;-8550.174;99.987;-7766.164
Cobalt;104.0;1495.0;-173.907;3;9;temp;flu;flu;temp;1455.541;-9021.841;-5411.692;277.296
Steel - Carbon, 1.5% C;36.0;1480.0;1390.836;48;10;flu;flu;flu;temp;8530.191;-5742.425;4183.037;1085.503
Gold;318.0;1064.0;860.999;34;32;temp;flu;temp;temp;111.577;45.907;160.623;234.424
Copper - Cartridge Brass;120.0;920.0;689.39;26;13;temp;flu;flu;temp;599.999;-6727.954;3225.142;266.274
